{"r_die": 0.00706992711542, "rt_die": 0.0063924280700261, "r_bir": 0.030145954101979896, "rt_bir": -0.0012282997143893961, "year0": 2015, "years": [1970.0, 1970.5, 1971.0, 1971.5, 1972.0, 1972.5, 1973.0, 1973.5, 1974.0, 1974.5, 1975.0, 1975.5, 1976.0, 1976.5, 1977.0, 1977.5, 1978.0, 1978.5, 1979.0, 1979.5, 1980.0, 1980.5, 1981.0, 1981.5, 1982.0, 1982.5, 1983.0, 1983.5, 1984.0, 1984.5, 1985.0, 1985.5, 1986.0, 1986.5, 1987.0, 1987.5, 1988.0, 1988.5, 1989.0, 1989.5, 1990.0, 1990.5, 1991.0, 1991.5, 1992.0, 1992.5, 1993.0, 1993.5, 1994.0, 1994.5, 1995.0, 1995.5, 1996.0, 1996.5, 1997.0, 1997.5, 1998.0, 1998.5, 1999.0, 1999.5, 2000.0, 2000.5, 2001.0, 2001.5, 2002.0, 2002.5, 2003.0, 2003.5, 2004.0, 2004.5, 2005.0, 2005.5, 2006.0, 2006.5, 2007.0, 2007.5, 2008.0, 2008.5, 2009.0, 2009.5, 2010.0, 2010.5, 2011.0, 2011.5, 2012.0, 2012.5, 2013.0, 2013.5, 2014.0, 2014.5, 2015.0, 2015.5, 2016.0, 2016.5, 2017.0, 2017.5, 2018.0, 2018.5, 2019.0, 2019.5, 2020.0, 2020.5, 2021.0, 2021.5, 2022.0, 2022.5, 2023.0, 2023.5, 2024.0, 2024.5, 2025.0, 2025.5, 2026.0, 2026.5, 2027.0, 2027.5, 2028.0, 2028.5, 2029.0, 2029.5, 2030.0, 2030.5, 2031.0, 2031.5, 2032.0, 2032.5, 2033.0, 2033.5, 2034.0, 2034.5, 2035.0, 2035.5, 2036.0], "pop": [448089.0338801123, 454074.418562562, 460131.3430006303, 466260.5286265302, 472462.7021190975, 478738.5956877285, 485088.9487337066, 491514.5046042083, 498016.0113751115, 504594.2222143499, 511249.89538191224, 517983.7942298429, 524796.6872022415, 531689.3478352632, 538662.5547571183, 545717.0916880729, 552853.747440448, 560073.3159186204, 567376.5961190222, 574764.3921301406, 582237.5131325186, 589796.7733987544, 597442.9922935015, 605176.9942734691, 612999.6088874214, 620911.6707761785, 628914.0196726151, 637007.5004016621, 645192.9628803055, 653471.2621175866, 661843.2582146019, 670309.816364504, 678871.8068525002, 687530.1050558534, 696285.591443882, 705139.1515779598, 714091.6761115157, 723144.0607900344, 732297.2064510556, 741552.0190241748, 750909.4095310428, 760370.2940853653, 769935.5938929041, 779606.2352514759, 789383.149550953, 799267.273273263, 809259.5407290509, 819360.3247613293, 829570.2799228766, 839890.4504709919, 850321.881208356, 860865.6174830312, 871522.7051884618, 882294.1907634734, 893181.1211922735, 904184.5440044511, 915305.5072749772, 926545.059624204, 937904.2502178656, 949384.1287670779, 960985.7455283382, 972710.1513035259, 984558.3974399014, 996531.5358301072, 1008630.6189121674, 1020856.6996694878, 1033210.831630856, 1045694.0688704407, 1058307.4660077929, 1071052.078207845, 1083928.961180911, 1096939.1711826867, 1110083.7650142496, 1123363.8000220587, 1136780.3340979547, 1150334.42567916, 1164027.1337482787, 1177859.517833297, 1191832.6380075815, 1205947.5548898818, 1220205.3296443284, 1234607.0239804338, 1249153.7001530922, 1263846.4209625793, 1278686.2497545525, 1293674.2504200507, 1308811.4873954947, 1324099.025662687, 1339537.9307488115, 1355129.268726434, 1370874.1062135021, 1386773.5103733446, 1402828.5489146723, 1419040.290091578, 1435409.802703535, 1451938.1560953993, 1468626.4201574086, 1485475.6653251818, 1502486.9625797195, 1519661.3834474043, 1537000.0, 1554503.8848546527, 1572174.1111738894, 1590011.7526656194, 1608017.883583133, 1626193.578725103, 1644539.9134355832, 1663057.96360401, 1681748.8056651999, 1700613.5165993522, 1719653.1739320478, 1738868.8557342484, 1758261.6406222999, 1777832.607757926, 1797582.8368482345, 1817513.408145715, 1837625.4024482379, 1857919.9010990558, 1878397.9859868025, 1899060.7395454934, 1919909.2447545265, 1940944.5851386809, 1962167.8447681165, 1983580.1082583766, 2005182.4607703842, 2026975.9880104458, 2048961.7762302486, 2071140.9122268613, 2093514.4833427353, 2116083.577465702, 2138849.283028976, 2161812.6890111533, 2184974.8849362107]}