{"r_die": 0.0053947233027435, "rt_die": 0.0011468211667622, "r_bir": 0.01600960150945683, "rt_bir": -0.013959367215856727, "year0": 2015, "years": [1970.0, 1970.5, 1971.0, 1971.5, 1972.0, 1972.5, 1973.0, 1973.5, 1974.0, 1974.5, 1975.0, 1975.5, 1976.0, 1976.5, 1977.0, 1977.5, 1978.0, 1978.5, 1979.0, 1979.5, 1980.0, 1980.5, 1981.0, 1981.5, 1982.0, 1982.5, 1983.0, 1983.5, 1984.0, 1984.5, 1985.0, 1985.5, 1986.0, 1986.5, 1987.0, 1987.5, 1988.0, 1988.5, 1989.0, 1989.5, 1990.0, 1990.5, 1991.0, 1991.5, 1992.0, 1992.5, 1993.0, 1993.5, 1994.0, 1994.5, 1995.0, 1995.5, 1996.0, 1996.5, 1997.0, 1997.5, 1998.0, 1998.5, 1999.0, 1999.5, 2000.0, 2000.5, 2001.0, 2001.5, 2002.0, 2002.5, 2003.0, 2003.5, 2004.0, 2004.5, 2005.0, 2005.5, 2006.0, 2006.5, 2007.0, 2007.5, 2008.0, 2008.5, 2009.0, 2009.5, 2010.0, 2010.5, 2011.0, 2011.5, 2012.0, 2012.5, 2013.0, 2013.5, 2014.0, 2014.5, 2015.0, 2015.5, 2016.0, 2016.5, 2017.0, 2017.5, 2018.0, 2018.5, 2019.0, 2019.5, 2020.0, 2020.5, 2021.0, 2021.5, 2022.0, 2022.5, 2023.0, 2023.5, 2024.0, 2024.5, 2025.0, 2025.5, 2026.0, 2026.5, 2027.0, 2027.5, 2028.0, 2028.5, 2029.0, 2029.5, 2030.0, 2030.5, 2031.0, 2031.5, 2032.0, 2032.5, 2033.0, 2033.5, 2034.0, 2034.5, 2035.0, 2035.5, 2036.0], "pop": [1782524.0667875165, 1804742.924883015, 1827046.0575001552, 1849431.1092647098, 1871895.7096216718, 1894437.504231849, 1917054.353953951, 1939743.8186557542, 1962503.3780260254, 1985330.5131879842, 2008222.7066993006, 2031177.4425520962, 2054192.2061729445, 2077264.4844228697, 2100391.765597348, 2123571.5394263063, 2146801.297074124, 2170078.531139631, 2193400.7356561087, 2216765.406091291, 2240170.039347362, 2263612.133760957, 2287089.1891031633, 2310598.7065795204, 2334138.188830018, 2357705.139929097, 2381297.0653856522, 2404911.4721430256, 2428545.8685790147, 2452197.764505866, 2475864.6711702785, 2499544.1012534015, 2523233.5688708373, 2546930.589572638, 2570632.6803433085, 2594337.3596018045, 2618042.147201532, 2641744.564430351, 2665442.1340105706, 2689132.3800989524, 2712812.8282867093, 2736481.0055995053, 2760134.4404974557, 2783770.6628751275, 2807387.20406154, 2830981.5968201626, 2854551.3753489163, 2878094.2219762127, 2901608.4872980225, 2925091.8484443803, 2948541.8813491715, 2971956.1859259387, 2995332.3860678775, 3018668.12964784, 3041961.088518332, 3065208.9585115174, 3088409.4594392115, 3111560.3350928877, 3134659.353243673, 3157704.30564235, 3180693.0080193575, 3203623.3000847874, 3226493.0455283886, 3249300.1320195636, 3272042.471207371, 3294717.9987205253, 3317324.6741673946, 3339860.481136003, 3362323.4271940296, 3384711.5438888087, 3407022.8867473295, 3429255.5352762374, 3451407.5929618315, 3473477.1872700667, 3495462.469646554, 3517361.6155165574, 3539172.8242849982, 3560894.3193364516, 3582524.348035149, 3604061.1817249754, 3625503.115729472, 3646848.4693518365, 3668095.585874918, 3689242.8325612256, 3710288.6006529196, 3731231.3053718163, 3752069.3859193893, 3772801.305476765, 3793425.551204725, 3813940.634243709, 3834345.089713808, 3854637.476714771, 3874816.378326, 3894880.4016065537, 3914828.177595146, 3934658.3613101454, 3954369.6317495736, 3973960.691891112, 3993430.268692094, 4012777.113089509, 4032000.0, 4051097.7283198675, 4070069.1209250665, 4088913.0246712053, 4107628.310393552, 4126213.8729070243, 4144668.6310061985, 4162991.527465304, 4181181.529038228, 4199237.62645851, 4217158.834439347, 4234944.19167359, 4252592.760833746, 4270103.628571974, 4287475.905520094, 4304708.726289575, 4321801.249471546, 4338752.657636788, 4355562.157335739, 4372228.97909849, 4388752.377434791, 4405131.630834043, 4421366.041765305, 4437454.93667729, 4453397.665998366, 4469193.604136555, 4484842.149479539, 4500342.724394649, 4515694.775228877, 4530897.772308863, 4545951.2099409085, 4560854.606410968, 4575607.5039846515]}