{"r_die": 0.0066377454628956, "rt_die": -0.0149969168519119, "r_bir": 0.02215982053812318, "rt_bir": -0.02531497956655276, "year0": 2015, "years": [1970.0, 1970.5, 1971.0, 1971.5, 1972.0, 1972.5, 1973.0, 1973.5, 1974.0, 1974.5, 1975.0, 1975.5, 1976.0, 1976.5, 1977.0, 1977.5, 1978.0, 1978.5, 1979.0, 1979.5, 1980.0, 1980.5, 1981.0, 1981.5, 1982.0, 1982.5, 1983.0, 1983.5, 1984.0, 1984.5, 1985.0, 1985.5, 1986.0, 1986.5, 1987.0, 1987.5, 1988.0, 1988.5, 1989.0, 1989.5, 1990.0, 1990.5, 1991.0, 1991.5, 1992.0, 1992.5, 1993.0, 1993.5, 1994.0, 1994.5, 1995.0, 1995.5, 1996.0, 1996.5, 1997.0, 1997.5, 1998.0, 1998.5, 1999.0, 1999.5, 2000.0, 2000.5, 2001.0, 2001.5, 2002.0, 2002.5, 2003.0, 2003.5, 2004.0, 2004.5, 2005.0, 2005.5, 2006.0, 2006.5, 2007.0, 2007.5, 2008.0, 2008.5, 2009.0, 2009.5, 2010.0, 2010.5, 2011.0, 2011.5, 2012.0, 2012.5, 2013.0, 2013.5, 2014.0, 2014.5, 2015.0, 2015.5, 2016.0, 2016.5, 2017.0, 2017.5, 2018.0, 2018.5, 2019.0, 2019.5, 2020.0, 2020.5, 2021.0, 2021.5, 2022.0, 2022.5, 2023.0, 2023.5, 2024.0, 2024.5, 2025.0, 2025.5, 2026.0, 2026.5, 2027.0, 2027.5, 2028.0, 2028.5, 2029.0, 2029.5, 2030.0, 2030.5, 2031.0, 2031.5, 2032.0, 2032.5, 2033.0, 2033.5, 2034.0, 2034.5, 2035.0, 2035.5, 2036.0], "pop": [6455853.964263264, 6638538.097306399, 6823769.958087527, 7011511.974834986, 7201725.114941447, 7394375.280584919, 7589421.519671352, 7786816.093932119, 7986510.745124703, 8188456.69503269, 8392604.645465763, 8598904.778259719, 8807306.755276449, 9017759.718403956, 9230212.289556336, 9444612.5706738, 9660908.143722653, 9879046.070695309, 10098972.893610286, 10320634.634512201, 10543976.79547178, 10768944.358585846, 10995481.785977332, 11223533.019795272, 11453041.482214801, 11683950.075437164, 11916201.181689698, 12149736.663225861, 12384497.862325195, 12620425.60129336, 12857460.182462113, 13095541.388189316, 13334608.480858935, 13574600.202881038, 13815454.776691798, 14057109.904753493, 14299502.769554503, 14542570.033609305, 14786247.839458492, 15030471.80966875, 15275181.715466553, 15520341.158225844, 15765894.308848746, 16011782.03672107, 16257946.070147516, 16504328.99635169, 16750874.26147607, 16997526.17058203, 17244229.88764985, 17490931.435578674, 17737577.696186554, 17984116.410210427, 18230496.17730613, 18476666.45604837, 18722577.56393076, 18968180.677365806, 19213427.831684895, 19458271.921138305, 19702666.698895212, 19946566.777043674, 20189927.626590643, 20432705.577461965, 20674857.81850237, 20916342.397475485, 21157118.221063823, 21397145.054868788, 21636383.523410674, 21874795.110128667, 22112342.15738084, 22348987.866444167, 22584696.2975145, 22819432.369706582, 23053161.861054063, 23285851.408509452, 23517468.507944185, 23747981.514148563, 23977359.64083179, 24205572.960621953, 24432592.40506603, 24658389.764629897, 24882937.68869831, 25106209.685574923, 25328180.12248228, 25548824.225561813, 25768118.079873845, 25986038.629397586, 26202563.67703115, 26417671.884591516, 26631342.772814576, 26843556.72135511, 27054294.968786787, 27263539.61260215, 27471273.609212648, 27677480.77394863, 27882145.781059314, 28085254.16371281, 28286792.313996155, 28486747.48291522, 28685107.533700705, 28881861.44965443, 29077000.0, 29270514.5042413, 29462396.79104232, 29652639.198227216, 29841234.572780255, 30028176.27084586, 30213458.157728568, 30397074.607893076, 30579020.504964188, 30759291.241726868, 30937882.7201262, 31114791.351267412, 31290014.05541586, 31463548.261997044, 31635391.90959659, 31805543.44596026, 31974001.82799397, 32140766.52176374, 32305837.502495755, 32469215.25457631, 32630900.77155186, 32790895.556128968, 32949201.62017436, 33105821.48471487, 33260758.179937497, 33414015.245189358, 33565596.728977695, 33715507.1889699, 33863751.69199352, 34010335.81403618, 34155265.640245706, 34298547.76493001, 34440189.29155717]}