{"r_die": 0.0054055931562518, "rt_die": -0.0225633340960831, "r_bir": 0.06951019679992752, "rt_bir": 0.02681970697837773, "year0": 2015, "years": [1970.0, 1970.5, 1971.0, 1971.5, 1972.0, 1972.5, 1973.0, 1973.5, 1974.0, 1974.5, 1975.0, 1975.5, 1976.0, 1976.5, 1977.0, 1977.5, 1978.0, 1978.5, 1979.0, 1979.5, 1980.0, 1980.5, 1981.0, 1981.5, 1982.0, 1982.5, 1983.0, 1983.5, 1984.0, 1984.5, 1985.0, 1985.5, 1986.0, 1986.5, 1987.0, 1987.5, 1988.0, 1988.5, 1989.0, 1989.5, 1990.0, 1990.5, 1991.0, 1991.5, 1992.0, 1992.5, 1993.0, 1993.5, 1994.0, 1994.5, 1995.0, 1995.5, 1996.0, 1996.5, 1997.0, 1997.5, 1998.0, 1998.5, 1999.0, 1999.5, 2000.0, 2000.5, 2001.0, 2001.5, 2002.0, 2002.5, 2003.0, 2003.5, 2004.0, 2004.5, 2005.0, 2005.5, 2006.0, 2006.5, 2007.0, 2007.5, 2008.0, 2008.5, 2009.0, 2009.5, 2010.0, 2010.5, 2011.0, 2011.5, 2012.0, 2012.5, 2013.0, 2013.5, 2014.0, 2014.5, 2015.0, 2015.5, 2016.0, 2016.5, 2017.0, 2017.5, 2018.0, 2018.5, 2019.0, 2019.5, 2020.0, 2020.5, 2021.0, 2021.5, 2022.0, 2022.5, 2023.0, 2023.5, 2024.0, 2024.5, 2025.0, 2025.5, 2026.0, 2026.5, 2027.0, 2027.5, 2028.0, 2028.5, 2029.0, 2029.5, 2030.0, 2030.5, 2031.0, 2031.5, 2032.0, 2032.5, 2033.0, 2033.5, 2034.0, 2034.5, 2035.0, 2035.5, 2036.0], "pop": [77326.1524746971, 77562.16545996514, 77816.36831691953, 78089.01066862128, 78380.35960255392, 78690.69983950688, 79020.3337335756, 79371.03222346731, 79745.21894810542, 80142.59600341102, 80562.88980476075, 81005.89797465439, 81471.48934271498, 81959.6039456887, 82470.25302744497, 83003.5190389763, 83559.55563839854, 84138.58769095063, 84740.91126899472, 85366.89365201618, 86016.97332662356, 86691.65998654856, 87391.53453264615, 88117.24907289442, 88869.52692239471, 89649.16260337153, 90457.02184517254, 91294.04158426868, 92161.22996425399, 93059.66633584579, 93990.50125688451, 94954.95649233383, 95954.32501428062, 96989.9710019349, 98063.32984162992, 99175.90812682212, 100329.2836580911, 101525.10544313968, 102765.09369679389, 104051.03984100293, 105384.80650483917, 106768.32752449822, 108203.60794329885, 109692.72401168302, 111237.8231872159, 112841.12413458584, 114504.91672560443, 116231.56203920633, 118023.49236144956, 119883.21118551516, 121813.29321170751, 123816.38434745412, 125895.20170730568, 128052.53361293605, 130291.23959314237, 132614.25038384486, 135024.56792808705, 137525.26537603562, 140119.48708498038, 142810.44861933438, 145601.43675063387, 148495.80945753833, 151496.9959258303, 154628.3730988362, 157912.1033656051, 161344.99624177226, 164925.04609371824, 168651.4754668286, 172524.73508549406, 176546.50385311068, 180719.68885207942, 185048.4253438065, 189538.07676870338, 194195.23474618653, 199027.71907467768, 204044.57773160358, 209256.0868733962, 214673.7508354928, 220310.30213233555, 226179.7014573719, 232297.1376830545, 238679.027860841, 245343.0172211943, 252307.97917358245, 259594.0153064787, 267222.45538736135, 275215.8573627138, 283598.0073580248, 292393.9196777881, 301629.83680550265, 311333.2294036726, 321532.79631380714, 332258.46455642063, 343541.3893310327, 355413.95401616796, 367909.7701693564, 381063.6775271328, 394911.7440050376, 409491.26569761586, 424840.76687841816, 441000.00000000006, 458009.94569392223, 475912.8127707508, 494752.0382200566, 514699.58985885046, 535953.6317541591, 558504.0901728349, 582358.182691586, 607542.7110583794, 634104.061192441, 662108.2031842557, 691640.6912955673, 722806.6639593778, 755730.8437799489, 790557.5375328008, 827450.6361647126, 866593.6147937223, 908189.5327091265, 952461.0333714816, 999650.3444126013, 1050019.27763556, 1103849.2290146889, 1161441.1786955802, 1223115.6909950837, 1289212.9144013077, 1360092.5815736207, 1436134.009342649, 1517736.0987102785, 1605317.3348496538, 1699315.7871051773, 1800189.1089925114, 1908414.5381985775, 2024488.8965815555]}