{"r_die": 0.0073611804587233, "rt_die": -0.0131602980692093, "r_bir": 0.013530840628938744, "rt_bir": -0.04277962286518528, "year0": 2015, "years": [1970.0, 1970.5, 1971.0, 1971.5, 1972.0, 1972.5, 1973.0, 1973.5, 1974.0, 1974.5, 1975.0, 1975.5, 1976.0, 1976.5, 1977.0, 1977.5, 1978.0, 1978.5, 1979.0, 1979.5, 1980.0, 1980.5, 1981.0, 1981.5, 1982.0, 1982.5, 1983.0, 1983.5, 1984.0, 1984.5, 1985.0, 1985.5, 1986.0, 1986.5, 1987.0, 1987.5, 1988.0, 1988.5, 1989.0, 1989.5, 1990.0, 1990.5, 1991.0, 1991.5, 1992.0, 1992.5, 1993.0, 1993.5, 1994.0, 1994.5, 1995.0, 1995.5, 1996.0, 1996.5, 1997.0, 1997.5, 1998.0, 1998.5, 1999.0, 1999.5, 2000.0, 2000.5, 2001.0, 2001.5, 2002.0, 2002.5, 2003.0, 2003.5, 2004.0, 2004.5, 2005.0, 2005.5, 2006.0, 2006.5, 2007.0, 2007.5, 2008.0, 2008.5, 2009.0, 2009.5, 2010.0, 2010.5, 2011.0, 2011.5, 2012.0, 2012.5, 2013.0, 2013.5, 2014.0, 2014.5, 2015.0, 2015.5, 2016.0, 2016.5, 2017.0, 2017.5, 2018.0, 2018.5, 2019.0, 2019.5, 2020.0, 2020.5, 2021.0, 2021.5, 2022.0, 2022.5, 2023.0, 2023.5, 2024.0, 2024.5, 2025.0, 2025.5, 2026.0, 2026.5, 2027.0, 2027.5, 2028.0, 2028.5, 2029.0, 2029.5, 2030.0, 2030.5, 2031.0, 2031.5, 2032.0, 2032.5, 2033.0, 2033.5, 2034.0, 2034.5, 2035.0, 2035.5, 2036.0], "pop": [18283081.042607732, 19015088.106797636, 19758065.883102085, 20511454.04633798, 21274689.253487054, 22047283.884762418, 22828609.848242156, 23618004.600968394, 24414813.515830375, 25218389.88156446, 26028094.902754147, 26843297.69983003, 27663375.30906985, 28487712.682598453, 29315702.68838782, 30146746.110257022, 30980251.647872303, 31815635.916746978, 32652323.448241517, 33489746.68956349, 34327346.0037676, 35164569.66975567, 36000873.88227665, 36835722.75192658, 37668588.30514866, 38498950.484233215, 39326297.14731764, 40150124.0683865, 40969934.93727147, 41785241.35965133, 42595562.857052, 43400426.86684652, 44199368.74225503, 44991930.025461674, 45777620.99019298, 46556092.90630419, 47327064.193404995, 48090263.8165359, 48845431.286168136, 49592316.65820373, 50330680.533975504, 51060294.06024704, 51780938.92921268, 52492407.37849757, 53194502.1911576, 53887036.69567948, 54569834.76598064, 55242730.82140932, 55905569.82674454, 56558207.29219607, 57200509.27340448, 57832352.3714411, 58453623.73280803, 59064221.04943816, 59664052.55869517, 60253037.043373466, 60831103.831698276, 61398192.79732559, 61954254.35934215, 62499249.48226551, 63033149.67604397, 63555936.996056624, 64067604.04311335, 64568153.96345475, 65057600.44875226, 65535967.73610808, 66003290.60805515, 66459614.392557226, 66904994.963008806, 67339498.7382352, 67763202.68249245, 68176194.30546743, 68578571.66227771, 68970443.35347173, 69351928.52502862, 69723156.86835833, 70084268.62030159, 70435414.56312989, 70776756.02454548, 71108464.8776814, 71430723.54110152, 71743653.38942562, 72047107.58182661, 72341197.86895561, 72626073.71455118, 72901883.57987349, 73168774.92370434, 73426894.20234717, 73676386.86962703, 73917397.37689056, 74150069.17300603, 74374544.70436338, 74590965.41487412, 74799471.74597138, 75000203.13660996, 75193298.02326623, 75378893.83993821, 75557127.0181455, 75728132.98692939, 75892046.17285272, 76049000.00000001, 76199126.88997734, 76342558.26191247, 76479424.53245473, 76609855.11577512, 76733978.42356622, 76851921.86504227, 76963811.84693909, 77069773.7735141, 77169932.04654646, 77264410.06533681, 77353330.22670747, 77436813.92500243, 77514981.5520872, 77587952.497349, 77655845.14769661, 77718776.88756047, 77776864.09889261, 77830222.16116671, 77878965.45137806, 77923207.34404354, 77963060.21120171, 77998635.42241271, 78030043.34475832, 78057393.3428419, 78080793.77878849, 78100352.0122447, 78116174.40037881, 78128366.29788068, 78137032.0569618, 78142275.0273553, 78144197.5563159, 78142900.98861998]}