{"r_die": 0.0044674832718607, "rt_die": -0.0136680750603018, "r_bir": 0.01508263809600897, "rt_bir": -0.02003151077397654, "year0": 2015, "years": [1970.0, 1970.5, 1971.0, 1971.5, 1972.0, 1972.5, 1973.0, 1973.5, 1974.0, 1974.5, 1975.0, 1975.5, 1976.0, 1976.5, 1977.0, 1977.5, 1978.0, 1978.5, 1979.0, 1979.5, 1980.0, 1980.5, 1981.0, 1981.5, 1982.0, 1982.5, 1983.0, 1983.5, 1984.0, 1984.5, 1985.0, 1985.5, 1986.0, 1986.5, 1987.0, 1987.5, 1988.0, 1988.5, 1989.0, 1989.5, 1990.0, 1990.5, 1991.0, 1991.5, 1992.0, 1992.5, 1993.0, 1993.5, 1994.0, 1994.5, 1995.0, 1995.5, 1996.0, 1996.5, 1997.0, 1997.5, 1998.0, 1998.5, 1999.0, 1999.5, 2000.0, 2000.5, 2001.0, 2001.5, 2002.0, 2002.5, 2003.0, 2003.5, 2004.0, 2004.5, 2005.0, 2005.5, 2006.0, 2006.5, 2007.0, 2007.5, 2008.0, 2008.5, 2009.0, 2009.5, 2010.0, 2010.5, 2011.0, 2011.5, 2012.0, 2012.5, 2013.0, 2013.5, 2014.0, 2014.5, 2015.0, 2015.5, 2016.0, 2016.5, 2017.0, 2017.5, 2018.0, 2018.5, 2019.0, 2019.5, 2020.0, 2020.5, 2021.0, 2021.5, 2022.0, 2022.5, 2023.0, 2023.5, 2024.0, 2024.5, 2025.0, 2025.5, 2026.0, 2026.5, 2027.0, 2027.5, 2028.0, 2028.5, 2029.0, 2029.5, 2030.0, 2030.5, 2031.0, 2031.5, 2032.0, 2032.5, 2033.0, 2033.5, 2034.0, 2034.5, 2035.0, 2035.5, 2036.0], "pop": [1307678.4296509183, 1326598.04529147, 1345581.2703042321, 1364625.2887953469, 1383727.287913506, 1402884.5077867417, 1422094.3639618813, 1441353.9938743606, 1460660.5149555232, 1480011.0686229705, 1499402.8202805615, 1518832.9593184132, 1538298.699112901, 1557797.2770266572, 1577325.9544085732, 1596882.0165937974, 1616462.7729037367, 1636065.5566460553, 1655687.7251146762, 1675326.6595897796, 1694979.7653378039, 1714644.471611445, 1734318.231649658, 1753998.5226776544, 1773682.845906904, 1793368.7265351356, 1813053.7137463342, 1832735.3807107443, 1852411.3245848673, 1872079.1665114632, 1891736.551619549, 1911381.1490244006, 1931010.6518275514, 1950622.7771167925, 1970215.2659661737, 1989785.8834360016, 2009332.4185728417, 2028852.684409517, 2048344.517965108, 2067805.7802449544, 2087234.3562406523, 2106628.154930057, 2125985.10927728, 2145303.1762326933, 2164580.3367329245, 2183814.5957008605, 2203003.482014653, 2222144.462443794, 2241235.9039862547, 2260276.2074965984, 2279263.7989326296, 2298197.1293553943, 2317074.674929178, 2335894.936921509, 2354656.441703155, 2373357.7407481265, 2391997.4106336725, 2410574.0530402847, 2429086.2947516954, 2447532.7876548776, 2465912.208740046, 2484223.2601006553, 2502464.6689334013, 2520635.1875382215, 2538733.5933182933, 2556758.6887800363, 2574709.30153311, 2592584.284290415, 2610382.514868093, 2628102.8961855276, 2645744.356265342, 2663305.8482334013, 2680786.35031881, 2698184.8658539164, 2715500.4232743056, 2732732.0761188082, 2749878.9030294935, 2766940.007751671, 2783914.519133893, 2800801.5911279507, 2817600.4027888784, 2834310.15827495, 2850930.0868476797, 2867459.442871826, 2883897.5058153835, 2900243.5802495927, 2916496.9958489304, 2932657.1073911185, 2948723.2947571166, 2964694.962931126, 2980571.542000592, 2996352.4871561965, 3012037.2786918655, 3027625.422004763, 3043116.447595297, 3058509.911067115, 3073805.3931271057, 3089002.499585399, 3104100.8613553643, 3119100.1344536142, 3134000.0, 3148800.1642176164, 3163500.358432797, 3178100.3390751174, 3192599.887677394, 3206998.810875683, 3221296.940409283, 3235494.1331207342, 3249590.2709558164, 3263585.2609635503, 3277479.035296198, 3291271.5512092616, 3304962.791061486, 3318552.7623148574, 3332041.497534598, 3345429.0543891783, 3358715.5156503045, 3371900.989192925, 3384985.60799523, 3397969.5301386504, 3410852.938807857, 3423636.042290763, 3436319.0739785223, 3448902.292365528, 3461385.981049417, 3473770.448731065, 3486056.029214589, 3498243.0814073477, 3510331.989319941, 3522323.162066208, 3534217.033863231, 3546014.064031331, 3557714.736994072]}