{"r_die": 0.0055234141135069, "rt_die": 0.0020493639264369, "r_bir": 0.016160874697629724, "rt_bir": -0.013714277384082674, "year0": 2015, "years": [1970.0, 1970.5, 1971.0, 1971.5, 1972.0, 1972.5, 1973.0, 1973.5, 1974.0, 1974.5, 1975.0, 1975.5, 1976.0, 1976.5, 1977.0, 1977.5, 1978.0, 1978.5, 1979.0, 1979.5, 1980.0, 1980.5, 1981.0, 1981.5, 1982.0, 1982.5, 1983.0, 1983.5, 1984.0, 1984.5, 1985.0, 1985.5, 1986.0, 1986.5, 1987.0, 1987.5, 1988.0, 1988.5, 1989.0, 1989.5, 1990.0, 1990.5, 1991.0, 1991.5, 1992.0, 1992.5, 1993.0, 1993.5, 1994.0, 1994.5, 1995.0, 1995.5, 1996.0, 1996.5, 1997.0, 1997.5, 1998.0, 1998.5, 1999.0, 1999.5, 2000.0, 2000.5, 2001.0, 2001.5, 2002.0, 2002.5, 2003.0, 2003.5, 2004.0, 2004.5, 2005.0, 2005.5, 2006.0, 2006.5, 2007.0, 2007.5, 2008.0, 2008.5, 2009.0, 2009.5, 2010.0, 2010.5, 2011.0, 2011.5, 2012.0, 2012.5, 2013.0, 2013.5, 2014.0, 2014.5, 2015.0, 2015.5, 2016.0, 2016.5, 2017.0, 2017.5, 2018.0, 2018.5, 2019.0, 2019.5, 2020.0, 2020.5, 2021.0, 2021.5, 2022.0, 2022.5, 2023.0, 2023.5, 2024.0, 2024.5, 2025.0, 2025.5, 2026.0, 2026.5, 2027.0, 2027.5, 2028.0, 2028.5, 2029.0, 2029.5, 2030.0, 2030.5, 2031.0, 2031.5, 2032.0, 2032.5, 2033.0, 2033.5, 2034.0, 2034.5, 2035.0, 2035.5, 2036.0], "pop": [669815.9650405067, 678178.2433827202, 686573.1086310109, 694999.679939344, 703457.0700840516, 711944.3974893595, 720460.8618251183, 729005.5476040748, 737577.5082980258, 746175.7972194817, 754799.4675216675, 763447.572198522, 772119.1640846989, 780813.2958555656, 789529.0200272036, 798265.3889564087, 807021.4548406915, 815796.269718276, 824588.8854681007, 833398.3538098184, 842223.7263037962, 851064.0543511149, 859918.3891935701, 868785.7819136713, 877665.2834346425, 886555.9445204212, 895456.8157756602, 904366.9476457252, 913285.3904166974, 922211.1942153713, 931143.409009256, 940081.0846065747, 949023.2706562649, 957969.0166479781, 966917.3719120803, 975867.3856196514, 984818.1067824856, 993768.5842530917, 1002717.8667246922, 1011665.0027312239, 1020609.040647338, 1029549.0286883997, 1038484.0149104885, 1047413.0472103984, 1056335.173325637, 1065249.4408344263, 1074154.8971557028, 1083050.658496039, 1091936.1304798408, 1100810.4095425603, 1109672.5482911544, 1118521.6083372782, 1127356.6602972876, 1136176.783792236, 1144981.067447877, 1153768.6088946634, 1162538.514767747, 1171289.9007069785, 1180021.891356909, 1188733.6203667875, 1197424.230390563, 1206092.8730868835, 1214738.7091190957, 1223360.9081552464, 1231958.6488680814, 1240531.1189350453, 1249077.5150382826, 1257597.0428646363, 1266088.917105649, 1274552.3614575625, 1282986.6086213177, 1291390.900302555, 1299764.4872116135, 1308106.6290635325, 1316416.5945780494, 1324693.6614796014, 1332937.1164973248, 1341146.2553650553, 1349320.3828213275, 1357458.8126093757, 1365560.867477133, 1373625.879177232, 1381653.188467004, 1389642.1451084802, 1397592.1078683909, 1405502.4445181647, 1413372.531833931, 1421201.7555965176, 1428989.5105914508, 1436735.2006089576, 1444438.238443963, 1452098.0458960922, 1459714.0537696686, 1467285.701873715, 1474812.439021955, 1482293.7230328093, 1489729.0207293988, 1497117.8079395439, 1504459.5694957634, 1511753.7992352762, 1519000.0, 1526197.6836365515, 1533346.3709962468, 1540445.5919351014, 1547494.8853138299, 1554493.7989978464, 1561441.8898572635, 1568338.7237668938, 1575183.8756062489, 1581976.9292595393, 1588717.4776156747, 1595405.122568265, 1602039.475015618, 1608620.1548607412, 1615146.7910113423, 1621619.0213798266, 1628036.4928832997, 1634398.861443566, 1640705.7919871293, 1646956.9584451923, 1653152.0437536577, 1659290.739853127, 1665372.7476888997, 1671397.7772109772, 1677365.5473740576, 1683275.7861375394, 1689128.2304655206, 1694922.626326797, 1700658.7286948655, 1706336.3015479208, 1711955.117868858, 1717514.9596452697, 1723015.6178694493]}