{"r_die": 0.006321141975793, "rt_die": -0.0117532644689337, "r_bir": 0.014006666467463846, "rt_bir": -0.03579820787234173, "year0": 2015, "years": [1970.0, 1970.5, 1971.0, 1971.5, 1972.0, 1972.5, 1973.0, 1973.5, 1974.0, 1974.5, 1975.0, 1975.5, 1976.0, 1976.5, 1977.0, 1977.5, 1978.0, 1978.5, 1979.0, 1979.5, 1980.0, 1980.5, 1981.0, 1981.5, 1982.0, 1982.5, 1983.0, 1983.5, 1984.0, 1984.5, 1985.0, 1985.5, 1986.0, 1986.5, 1987.0, 1987.5, 1988.0, 1988.5, 1989.0, 1989.5, 1990.0, 1990.5, 1991.0, 1991.5, 1992.0, 1992.5, 1993.0, 1993.5, 1994.0, 1994.5, 1995.0, 1995.5, 1996.0, 1996.5, 1997.0, 1997.5, 1998.0, 1998.5, 1999.0, 1999.5, 2000.0, 2000.5, 2001.0, 2001.5, 2002.0, 2002.5, 2003.0, 2003.5, 2004.0, 2004.5, 2005.0, 2005.5, 2006.0, 2006.5, 2007.0, 2007.5, 2008.0, 2008.5, 2009.0, 2009.5, 2010.0, 2010.5, 2011.0, 2011.5, 2012.0, 2012.5, 2013.0, 2013.5, 2014.0, 2014.5, 2015.0, 2015.5, 2016.0, 2016.5, 2017.0, 2017.5, 2018.0, 2018.5, 2019.0, 2019.5, 2020.0, 2020.5, 2021.0, 2021.5, 2022.0, 2022.5, 2023.0, 2023.5, 2024.0, 2024.5, 2025.0, 2025.5, 2026.0, 2026.5, 2027.0, 2027.5, 2028.0, 2028.5, 2029.0, 2029.5, 2030.0, 2030.5, 2031.0, 2031.5, 2032.0, 2032.5, 2033.0, 2033.5, 2034.0, 2034.5, 2035.0, 2035.5, 2036.0], "pop": [28603540.50501902, 29457223.32530835, 30318635.64920761, 31187316.19550303, 32062800.93650015, 32944689.283589322, 33832517.615658805, 34725773.81792541, 35623953.15901495, 36526558.29096227, 37433099.24921124, 38343093.452614695, 39256065.70343452, 40171548.187341616, 41089080.47341588, 42008209.514146246, 42928489.645430624, 43849482.58657598, 44770757.44029827, 45691890.692722455, 46612466.21338254, 47532075.25522152, 48450316.45459142, 49366795.83125326, 50281126.788377084, 51192930.11254195, 52101833.973735936, 53007473.92535611, 53909492.9042086, 54807541.23050849, 55701276.607879914, 56590364.12335602, 57474476.24737896, 58353292.8337999, 59226501.119879015, 60093795.72628549, 60954878.65709757, 61809459.299802445, 62657254.42529637, 63497988.18788459, 64331261.60736981, 65156724.38282367, 65974234.155346245, 66783654.01211955, 67584852.00088768, 68377701.12995677, 69162079.36819504, 69937869.64503281, 70704959.85046242, 71463242.83503833, 72212616.40987702, 72952983.34665707, 73684251.37761915, 74406333.19556595, 75119146.45386228, 75822613.76643498, 76516662.707773, 77201225.81292732, 77876240.57751103, 78541649.45769927, 79197399.87022923, 79843444.19240022, 80479739.76207359, 81106248.87767275, 81722938.79818322, 82329781.74315254, 82926754.89269036, 83513840.3874684, 84091025.3287204, 84658301.77824226, 85215666.75839186, 85763122.2520892, 86300675.20281635, 86828337.51461744, 87346126.05209866, 87854062.6404283, 88352174.0653367, 88840492.07311627, 89319053.3706215, 89787899.62526892, 90247077.46503721, 90696638.47846702, 91136639.21466114, 91567141.18328439, 91988210.85456371, 92399919.65928805, 92802343.98880848, 93195565.19503811, 93579669.59045215, 93954748.44808784, 94320898.00154454, 94678219.44498362, 95026818.93312857, 95366807.58126496, 95698301.46524036, 96021421.6214645, 96336294.04690911, 96643049.69910803, 96941824.49615717, 97232759.31671447, 97516000.0, 97791697.34579585, 98060007.11444624, 98321090.02685736, 98575077.64120995, 98821825.3634701, 99061376.50497596, 99293837.54009546, 99519314.37825824, 99737912.36395566, 99949736.27674076, 100154890.33122833, 100353478.17709489, 100545602.89907858, 100731367.01697935, 100910872.48565882, 101084220.69504033, 101251512.47010893, 101412848.07091136, 101568327.19255611, 101718048.96521334, 101862111.95411497, 102000614.1595546, 102133653.01688755, 102261325.39653084, 102383727.60396321, 102500955.37972514, 102613103.89941877, 102720267.77370799, 102822541.0483184, 102920017.20403726, 103012789.15671363, 103100949.25725824]}