{"r_die": 0.0074954616839379, "rt_die": -0.0117007213805091, "r_bir": 0.014265360370238086, "rt_bir": -0.040658185188017566, "year0": 2015, "years": [1970.0, 1970.5, 1971.0, 1971.5, 1972.0, 1972.5, 1973.0, 1973.5, 1974.0, 1974.5, 1975.0, 1975.5, 1976.0, 1976.5, 1977.0, 1977.5, 1978.0, 1978.5, 1979.0, 1979.5, 1980.0, 1980.5, 1981.0, 1981.5, 1982.0, 1982.5, 1983.0, 1983.5, 1984.0, 1984.5, 1985.0, 1985.5, 1986.0, 1986.5, 1987.0, 1987.5, 1988.0, 1988.5, 1989.0, 1989.5, 1990.0, 1990.5, 1991.0, 1991.5, 1992.0, 1992.5, 1993.0, 1993.5, 1994.0, 1994.5, 1995.0, 1995.5, 1996.0, 1996.5, 1997.0, 1997.5, 1998.0, 1998.5, 1999.0, 1999.5, 2000.0, 2000.5, 2001.0, 2001.5, 2002.0, 2002.5, 2003.0, 2003.5, 2004.0, 2004.5, 2005.0, 2005.5, 2006.0, 2006.5, 2007.0, 2007.5, 2008.0, 2008.5, 2009.0, 2009.5, 2010.0, 2010.5, 2011.0, 2011.5, 2012.0, 2012.5, 2013.0, 2013.5, 2014.0, 2014.5, 2015.0, 2015.5, 2016.0, 2016.5, 2017.0, 2017.5, 2018.0, 2018.5, 2019.0, 2019.5, 2020.0, 2020.5, 2021.0, 2021.5, 2022.0, 2022.5, 2023.0, 2023.5, 2024.0, 2024.5, 2025.0, 2025.5, 2026.0, 2026.5, 2027.0, 2027.5, 2028.0, 2028.5, 2029.0, 2029.5, 2030.0, 2030.5, 2031.0, 2031.5, 2032.0, 2032.5, 2033.0, 2033.5, 2034.0, 2034.5, 2035.0, 2035.5, 2036.0], "pop": [12695331.268957762, 13182712.957641846, 13677195.23407015, 14178439.501210941, 14686104.562021956, 15199899.975493684, 15719448.309909472, 16244346.520003017, 16774195.81295076, 17308601.648371905, 17847173.73832841, 18389526.04732498, 18935276.792309087, 19484048.442670956, 20035467.72024356, 20589165.59930263, 21144777.306566656, 21701942.321196888, 22260304.37479731, 22819511.451414686, 23379215.78753853, 23939073.87210109, 24498746.446477395, 25057898.50448522, 25616199.292385094, 26173322.308880303, 26728945.305116888, 27282750.284683634, 27834423.50361211, 28383655.470376607, 28930140.945894197, 29473578.94352469, 30013672.729070656, 30550129.820777427, 31082661.980941903, 31610967.68054315, 32134811.783022605, 32654010.58476915, 33168386.78323435, 33677769.476932436, 34181994.165440336, 34680902.74939765, 35174343.53050665, 35662171.211532295, 36144246.89630224, 36620438.0897068, 37090618.697698966, 37554669.027294435, 38012475.786571555, 38463932.084671386, 38908937.43179763, 39347397.7392167, 39779225.319257684, 40204338.88531233, 40622663.5518351, 41034130.8343431, 41438678.64941614, 41836251.314696714, 42226799.548889965, 42610280.47176376, 42986657.60414862, 43355900.86793773, 43717986.586086996, 44072897.48261497, 44420622.68260292, 44761157.71219474, 45094504.498597056, 45420671.37007917, 45739673.055973016, 46051530.686673254, 46356271.79363721, 46653930.3093849, 46944546.567499004, 47228167.30262489, 47504845.650470614, 47774641.14780688, 48037619.73246714, 48293853.74334744, 48543421.92040657, 48786409.40466599, 49022907.738209814, 49253014.86418484, 49476835.12680058, 49694479.271329194, 49905979.239725485, 50111261.571000755, 50310411.055724, 50503517.4057387, 50690669.89685188, 50871957.36883424, 51047468.22542005, 51217290.434307255, 51381511.52715737, 51540218.599595524, 51693498.3112105, 51841436.885554664, 51984120.11014403, 52121633.336458206, 52254061.47994043, 52381489.01999753, 52504000.0, 52621678.027281925, 52734606.273140974, 52842867.472838484, 52946543.925599396, 53045717.49461227, 53140469.60702926, 53230881.253966145, 53317032.99050235, 53399004.935680896, 53476876.77250842, 53550727.74795516, 53620636.672955014, 53686681.92240546, 53748941.43516762, 53807492.714066185, 53862412.82588955, 53913778.40138963, 53961665.63528201, 54006150.286245905, 54047307.67692412, 54085212.69392306, 54119939.78781281, 54151562.97312699, 54180155.82836291, 54205791.49598147, 54228542.682407156, 54248481.65802813, 54265680.257196136, 54280209.87822652, 54292141.48339829, 54301545.59895404, 54308492.315099984]}