{"r_die": 0.0089674375304817, "rt_die": -0.0185782202167457, "r_bir": 0.017887106500469107, "rt_bir": -0.031326938012268775, "year0": 2015, "years": [1970.0, 1970.5, 1971.0, 1971.5, 1972.0, 1972.5, 1973.0, 1973.5, 1974.0, 1974.5, 1975.0, 1975.5, 1976.0, 1976.5, 1977.0, 1977.5, 1978.0, 1978.5, 1979.0, 1979.5, 1980.0, 1980.5, 1981.0, 1981.5, 1982.0, 1982.5, 1983.0, 1983.5, 1984.0, 1984.5, 1985.0, 1985.5, 1986.0, 1986.5, 1987.0, 1987.5, 1988.0, 1988.5, 1989.0, 1989.5, 1990.0, 1990.5, 1991.0, 1991.5, 1992.0, 1992.5, 1993.0, 1993.5, 1994.0, 1994.5, 1995.0, 1995.5, 1996.0, 1996.5, 1997.0, 1997.5, 1998.0, 1998.5, 1999.0, 1999.5, 2000.0, 2000.5, 2001.0, 2001.5, 2002.0, 2002.5, 2003.0, 2003.5, 2004.0, 2004.5, 2005.0, 2005.5, 2006.0, 2006.5, 2007.0, 2007.5, 2008.0, 2008.5, 2009.0, 2009.5, 2010.0, 2010.5, 2011.0, 2011.5, 2012.0, 2012.5, 2013.0, 2013.5, 2014.0, 2014.5, 2015.0, 2015.5, 2016.0, 2016.5, 2017.0, 2017.5, 2018.0, 2018.5, 2019.0, 2019.5, 2020.0, 2020.5, 2021.0, 2021.5, 2022.0, 2022.5, 2023.0, 2023.5, 2024.0, 2024.5, 2025.0, 2025.5, 2026.0, 2026.5, 2027.0, 2027.5, 2028.0, 2028.5, 2029.0, 2029.5, 2030.0, 2030.5, 2031.0, 2031.5, 2032.0, 2032.5, 2033.0, 2033.5, 2034.0, 2034.5, 2035.0, 2035.5, 2036.0], "pop": [13989126.813983161, 14358184.39284722, 14730060.708679644, 15104594.38948399, 15481623.225775478, 15861002.766764453, 16242576.1471918, 16626167.57693334, 17011603.623653278, 17398713.212804224, 17787327.62762717, 18177280.50915151, 18568407.856195025, 18960548.025363892, 19353541.73105268, 19747232.045444362, 20141464.398510285, 20536086.578010198, 20930948.729492255, 21325903.356292985, 21720805.319537323, 22115511.83813859, 22509882.488798507, 22903779.20600718, 23297066.28204311, 23689610.366973203, 24081280.468652744, 24471947.952725418, 24861486.542623308, 25249772.31956687, 25636683.72256498, 26022101.548414893, 26405908.951702256, 26787991.444801114, 27168236.897873916, 27546535.538871475, 27922779.95353302, 28296865.08538617, 28668688.235746942, 29038149.063719735, 29405149.586197335, 29769536.440169964, 30131177.39249575, 30490018.4811017, 30846007.396136682, 31199093.44214901, 31549227.538086392, 31896362.217295963, 32240451.62752426, 32581451.53091723, 32919319.304020252, 33254013.93777808, 33585496.03753493, 33913727.82303438, 34238673.12841946, 34560297.402232595, 34878567.70741562, 35193452.72130979, 35504922.73565577, 35812949.65659363, 36117507.00466287, 36418569.914802395, 36716115.13635051, 37010121.03304494, 37300567.58302284, 37587436.37882075, 37870710.627374634, 38150375.15001987, 38426416.38249125, 38698822.37492298, 38967582.791848674, 39232688.91220135, 39494133.62931346, 39751911.45091685, 40006018.49914278, 40256452.51052194, 40503212.8359844, 40746300.44085968, 40985717.904876694, 41221469.422163755, 41453560.801248625, 41681999.46505844, 41906794.450919755, 42127956.410558574, 42345497.61010027, 42559431.93006964, 42769774.86539092, 42976543.52538772, 43179756.63378308, 43379434.52869946, 43575599.16265872, 43768274.10258214, 43957484.52979041, 44143257.24000362, 44325620.64334131, 44504604.76432239, 44680241.2418652, 44852563.3292875, 45021605.894306436, 45187405.419038616, 45350000.0, 45509429.34810601, 45665734.78867145, 45818959.261410564, 45969147.32043697, 46116345.13426372, 46260600.485803306, 46401962.772367574, 46540483.00566783, 46676213.81181478, 46809209.43131853, 46939522.76513675, 47067109.359204225, 47191960.26904501, 47314110.55412071, 47433595.184151515, 47550449.0391162, 47664706.909252115, 47776403.49505519, 47885573.40727995, 47992251.166939504, 48096471.20530552, 48198267.86390826, 48297675.39453658, 48394727.9592379, 48489459.63031825, 48581904.3903422, 48672096.13213294, 48760068.658772215, 48845855.68360038, 48929490.83021635, 49011007.632477626, 49090439.5345003]}