{"r_die": 0.0072258380961895, "rt_die": -0.0239370157660066, "r_bir": 0.024229519353628423, "rt_bir": -0.022718296827980287, "year0": 2015, "years": [1970.0, 1970.5, 1971.0, 1971.5, 1972.0, 1972.5, 1973.0, 1973.5, 1974.0, 1974.5, 1975.0, 1975.5, 1976.0, 1976.5, 1977.0, 1977.5, 1978.0, 1978.5, 1979.0, 1979.5, 1980.0, 1980.5, 1981.0, 1981.5, 1982.0, 1982.5, 1983.0, 1983.5, 1984.0, 1984.5, 1985.0, 1985.5, 1986.0, 1986.5, 1987.0, 1987.5, 1988.0, 1988.5, 1989.0, 1989.5, 1990.0, 1990.5, 1991.0, 1991.5, 1992.0, 1992.5, 1993.0, 1993.5, 1994.0, 1994.5, 1995.0, 1995.5, 1996.0, 1996.5, 1997.0, 1997.5, 1998.0, 1998.5, 1999.0, 1999.5, 2000.0, 2000.5, 2001.0, 2001.5, 2002.0, 2002.5, 2003.0, 2003.5, 2004.0, 2004.5, 2005.0, 2005.5, 2006.0, 2006.5, 2007.0, 2007.5, 2008.0, 2008.5, 2009.0, 2009.5, 2010.0, 2010.5, 2011.0, 2011.5, 2012.0, 2012.5, 2013.0, 2013.5, 2014.0, 2014.5, 2015.0, 2015.5, 2016.0, 2016.5, 2017.0, 2017.5, 2018.0, 2018.5, 2019.0, 2019.5, 2020.0, 2020.5, 2021.0, 2021.5, 2022.0, 2022.5, 2023.0, 2023.5, 2024.0, 2024.5, 2025.0, 2025.5, 2026.0, 2026.5, 2027.0, 2027.5, 2028.0, 2028.5, 2029.0, 2029.5, 2030.0, 2030.5, 2031.0, 2031.5, 2032.0, 2032.5, 2033.0, 2033.5, 2034.0, 2034.5, 2035.0, 2035.5, 2036.0], "pop": [30093858.476804297, 30792149.42892115, 31498681.451238144, 32213371.955943685, 32936135.30943606, 33666891.186259605, 34405553.71896894, 35152021.08288796, 35906189.9050494, 36667955.320652686, 37437210.973063946, 38213849.01381601, 38997760.10260836, 39788833.4073072, 40586956.60394543, 41392015.876722604, 42203895.91800501, 43022479.928325586, 43847649.61638399, 44679285.19904657, 45517265.40134634, 46361467.45648303, 47211767.10582304, 48068038.59889948, 48930154.69341213, 49797986.65522748, 50671404.25837871, 51550275.78506566, 52434468.02565491, 53323846.27867968, 54218274.35083991, 55117614.55700224, 56021727.72019998, 56930473.17163311, 57843708.750668354, 58761290.80483909, 59683074.18984539, 60608912.26955403, 61538656.91599847, 62472158.509378836, 63409265.93806198, 64349826.59858145, 65293727.22210925, 66240870.03689098, 67191104.07949533, 68144279.46167548, 69100247.68378547, 70058861.63478014, 71019975.5922152, 71983445.22224712, 72949127.57963328, 73916881.10773182, 74886565.63850175, 75858042.39250287, 76831173.97889583, 77805824.39544213, 78781859.02850403, 79759144.65304469, 80737549.43262805, 81716942.91941892, 82697196.05418287, 83678181.16628638, 84659771.9736967, 85641843.5829819, 86624272.48931092, 87606936.57645352, 88589715.11678025, 89572488.77126253, 90555139.58947259, 91537551.00958346, 92519607.85836907, 93501196.3512041, 94482204.09206408, 95462520.07352541, 96442034.67676526, 97420639.67156166, 98398228.21629344, 99374694.8579403, 100349935.53208275, 101323847.56290208, 102296329.66318047, 103267281.93430091, 104236605.86624722, 105204204.33760402, 106169981.61555679, 107133843.35589181, 108095696.60299622, 109055449.78985797, 110013012.73806581, 110968296.65780935, 111921214.14787905, 112871679.19566612, 113819607.17716272, 114764914.85696167, 115707520.38825677, 116647343.3128426, 117584304.56111449, 118518326.45206873, 119449332.69330233, 120377248.38101317, 121302000.0, 122223515.42366228, 123141723.91400039, 124056556.12161559, 124967944.08570978, 125875821.23408586, 126780122.38314751, 127680783.73789915, 128577764.92987688, 129471036.75661787, 130360546.79012322, 131246243.92276132, 132128078.4406198, 133006002.02350563, 133879967.74494492, 134749930.0721831, 135615844.86618492, 136477669.3816343, 137335362.26693437, 138188883.5642077, 139038194.70929596, 139883258.53176013, 140724039.25488043, 141560502.4956564, 142392615.26480675, 143220345.96676952, 144043664.399702, 144862541.7554807, 145676950.61970142, 146486864.97167918, 147292260.1844483, 148093113.02476233, 148889401.65309414]}