{"r_die": 0.0073650138908151, "rt_die": -0.0177355108206653, "r_bir": 0.019626461578027072, "rt_bir": -0.029713823672199203, "year0": 2015, "years": [1970.0, 1970.5, 1971.0, 1971.5, 1972.0, 1972.5, 1973.0, 1973.5, 1974.0, 1974.5, 1975.0, 1975.5, 1976.0, 1976.5, 1977.0, 1977.5, 1978.0, 1978.5, 1979.0, 1979.5, 1980.0, 1980.5, 1981.0, 1981.5, 1982.0, 1982.5, 1983.0, 1983.5, 1984.0, 1984.5, 1985.0, 1985.5, 1986.0, 1986.5, 1987.0, 1987.5, 1988.0, 1988.5, 1989.0, 1989.5, 1990.0, 1990.5, 1991.0, 1991.5, 1992.0, 1992.5, 1993.0, 1993.5, 1994.0, 1994.5, 1995.0, 1995.5, 1996.0, 1996.5, 1997.0, 1997.5, 1998.0, 1998.5, 1999.0, 1999.5, 2000.0, 2000.5, 2001.0, 2001.5, 2002.0, 2002.5, 2003.0, 2003.5, 2004.0, 2004.5, 2005.0, 2005.5, 2006.0, 2006.5, 2007.0, 2007.5, 2008.0, 2008.5, 2009.0, 2009.5, 2010.0, 2010.5, 2011.0, 2011.5, 2012.0, 2012.5, 2013.0, 2013.5, 2014.0, 2014.5, 2015.0, 2015.5, 2016.0, 2016.5, 2017.0, 2017.5, 2018.0, 2018.5, 2019.0, 2019.5, 2020.0, 2020.5, 2021.0, 2021.5, 2022.0, 2022.5, 2023.0, 2023.5, 2024.0, 2024.5, 2025.0, 2025.5, 2026.0, 2026.5, 2027.0, 2027.5, 2028.0, 2028.5, 2029.0, 2029.5, 2030.0, 2030.5, 2031.0, 2031.5, 2032.0, 2032.5, 2033.0, 2033.5, 2034.0, 2034.5, 2035.0, 2035.5, 2036.0], "pop": [331390800.073592, 341124575.970716, 350977461.3053724, 360946083.1916678, 371026998.442788, 381217285.0771961, 391513427.6101682, 401911401.8161613, 412407194.55454105, 422996803.7695813, 433676238.4904646, 444441518.83128184, 455288675.9910322, 466213752.2536234, 477212800.98787177, 488281886.64750177, 499417084.7711465, 510614481.9823474, 521870175.9895545, 533180275.58612615, 544540900.650329, 555948182.1453384, 567398262.1192381, 578887293.7050202, 590411441.120585, 601966879.6687417, 613549795.7372077, 625156386.7986089, 636782861.4104795, 648425439.2152624, 660080350.9403086, 671743838.3978779, 683412154.4851382, 695081563.1841661, 706748339.5619463, 718408769.7703724, 730059151.0462462, 741695791.7112778, 753315011.1720861, 764913139.9201981, 776486685.8030312, 788032722.1194496, 799548362.0339692, 811030775.1755658, 822477192.7500308, 833884907.5399702, 845251273.9048054, 856573707.7807729, 867849686.6809239, 879076749.6951249, 890252497.4900572, 901374592.3092175, 912440757.9729172, 923448779.8782828, 934396504.9992564, 945281841.886594, 956102760.667868, 966857293.0474647, 977543532.3065861, 988159633.3032489, 998703812.472285, 1009174347.8253416, 1019569578.9508804, 1029887907.0141785, 1040127794.7573278, 1050287766.4992359, 1060366408.1356243, 1070362367.1390308, 1080274352.5588071, 1090101135.021121, 1099841546.7289543, 1109494481.4621048, 1119058894.5771847, 1128533803.0076213, 1137918285.2636573, 1147211481.4323504, 1156412593.177573, 1165520883.7400124, 1174535677.9371717, 1183456362.1633685, 1192282384.3897355, 1201013254.1642208, 1209648542.6115868, 1218187882.4334114, 1226630967.9080875, 1234977554.8908236, 1243227460.8136425, 1251380564.685382, 1259436807.091695, 1267396190.1950502, 1275258777.7347305, 1283024695.026834, 1290694128.9642744, 1298267328.0167797, 1305744602.2308931, 1313126323.2299736, 1320412924.2141938, 1327604899.960543, 1334702806.822824, 1341706777.6445289, 1348616000.0, 1355430833.014633, 1362151726.7182403, 1368779144.8169491, 1375313564.6931987, 1381755477.4057436, 1388105387.6896505, 1394363813.9563007, 1400531288.2933888, 1406608356.464923, 1412595577.9112246, 1418493525.7489295, 1424302786.7709866, 1430023961.4466584, 1435657663.921521, 1441204522.0174644, 1446665177.232692, 1452040284.741721, 1457330513.3953817, 1462536545.7208185, 1467659077.9214897, 1472698819.877166, 1477656495.1439333, 1482532840.9541898, 1487328608.2166479, 1492044561.5163338, 1496681479.114587, 1501240152.94906, 1505721388.6337204, 1510126005.458848, 1514454836.3910372, 1518708728.0731955, 1522888540.824544]}