{"r_die": 0.0069094877011483, "rt_die": -0.0129133905851874, "r_bir": 0.021743515864951084, "rt_bir": -0.022561492811902853, "year0": 2015, "years": [1970.0, 1970.5, 1971.0, 1971.5, 1972.0, 1972.5, 1973.0, 1973.5, 1974.0, 1974.5, 1975.0, 1975.5, 1976.0, 1976.5, 1977.0, 1977.5, 1978.0, 1978.5, 1979.0, 1979.5, 1980.0, 1980.5, 1981.0, 1981.5, 1982.0, 1982.5, 1983.0, 1983.5, 1984.0, 1984.5, 1985.0, 1985.5, 1986.0, 1986.5, 1987.0, 1987.5, 1988.0, 1988.5, 1989.0, 1989.5, 1990.0, 1990.5, 1991.0, 1991.5, 1992.0, 1992.5, 1993.0, 1993.5, 1994.0, 1994.5, 1995.0, 1995.5, 1996.0, 1996.5, 1997.0, 1997.5, 1998.0, 1998.5, 1999.0, 1999.5, 2000.0, 2000.5, 2001.0, 2001.5, 2002.0, 2002.5, 2003.0, 2003.5, 2004.0, 2004.5, 2005.0, 2005.5, 2006.0, 2006.5, 2007.0, 2007.5, 2008.0, 2008.5, 2009.0, 2009.5, 2010.0, 2010.5, 2011.0, 2011.5, 2012.0, 2012.5, 2013.0, 2013.5, 2014.0, 2014.5, 2015.0, 2015.5, 2016.0, 2016.5, 2017.0, 2017.5, 2018.0, 2018.5, 2019.0, 2019.5, 2020.0, 2020.5, 2021.0, 2021.5, 2022.0, 2022.5, 2023.0, 2023.5, 2024.0, 2024.5, 2025.0, 2025.5, 2026.0, 2026.5, 2027.0, 2027.5, 2028.0, 2028.5, 2029.0, 2029.5, 2030.0, 2030.5, 2031.0, 2031.5, 2032.0, 2032.5, 2033.0, 2033.5, 2034.0, 2034.5, 2035.0, 2035.5, 2036.0], "pop": [17959259.316177044, 18389634.040588446, 18824766.56559256, 19264577.07571909, 19708983.616800908, 20157911.97528956, 20611282.380518794, 21068999.337907515, 21530966.757828046, 21997087.9801676, 22467265.774328306, 22941402.33922717, 23419399.30329611, 23901157.72448194, 24386578.090246372, 24875560.317566004, 25368003.75293235, 25863807.172351815, 26362868.781345703, 26865086.21495021, 27370356.53771643, 27878576.243710373, 28389641.25651293, 28903446.929219883, 29419888.044441942, 29938858.81430468, 30460252.88044859, 30983963.314029057, 31509882.615716368, 32037902.715695698, 32567914.97366713, 33099810.178845648, 33633478.54996111, 34168809.73525832, 34705692.812496915, 35244016.288951494, 35783668.10141151, 36324535.61618133, 36866505.62908022, 37409464.36544235, 37953297.48011677, 38497890.96428203, 39043165.158480406, 39589028.57057042, 40135374.469365545, 40682097.561751224, 41229093.99268474, 41776261.34519527, 42323498.64038391, 42870706.337423585, 43417786.333559185, 43964641.96410745, 44511178.00245699, 45057300.660068356, 45602917.58647394, 46147937.86927805, 46692272.03415689, 47235832.04485852, 47778531.303202935, 48320284.64908198, 48861008.3604594, 49400620.15337085, 49939039.181923866, 50476186.03829785, 51011982.752744116, 51546352.793585874, 52079221.06721821, 52610513.91810809, 53140159.1287944, 53668085.919887885, 54194224.95007119, 54718508.31609887, 55240869.55279734, 55761243.63306491, 56279566.96787181, 56795777.40626011, 57309814.235343814, 57821618.18030878, 58331131.40441281, 58838297.50898551, 59343061.53342846, 59845369.95521509, 60345170.68989071, 60842413.09107254, 61337047.95044969, 61829027.49778315, 62318305.400905795, 62804836.76572242, 63288578.13620964, 63769487.49441607, 64247524.260462105, 64722649.2925401, 65194824.88691426, 65664014.77792071, 66130184.13796745, 66593299.57753436, 67053329.14517324, 67510242.3275077, 67964010.04923339, 68414604.67311771, 68862000.0, 69306171.26879147, 69747095.15647528, 70184749.7781064, 70619114.68681176, 71050170.87379012, 71477900.76831219, 71902288.23772049, 72323317.28350481, 72740972.60200736, 73155241.21884896, 73566111.06098227, 73973570.953722, 74377610.62074478, 74778220.68408927, 75175392.66415614, 75569118.97970796, 75959392.94786938, 76346208.78412695, 76729561.60232928, 77109447.41468695, 77485863.13177249, 77858806.56252047, 78228276.41422738, 78594272.29255177, 78956794.70151412, 79315845.04349694, 79671425.61924466, 80023539.62786381, 80372191.16682278, 80717385.23195201, 81059127.71744393, 81397425.41585296]}