{"r_die": 0.0052325521868973, "rt_die": -0.0120564791327807, "r_bir": 0.015807739551058415, "rt_bir": -0.018770012651469506, "year0": 2015, "years": [1970.0, 1970.5, 1971.0, 1971.5, 1972.0, 1972.5, 1973.0, 1973.5, 1974.0, 1974.5, 1975.0, 1975.5, 1976.0, 1976.5, 1977.0, 1977.5, 1978.0, 1978.5, 1979.0, 1979.5, 1980.0, 1980.5, 1981.0, 1981.5, 1982.0, 1982.5, 1983.0, 1983.5, 1984.0, 1984.5, 1985.0, 1985.5, 1986.0, 1986.5, 1987.0, 1987.5, 1988.0, 1988.5, 1989.0, 1989.5, 1990.0, 1990.5, 1991.0, 1991.5, 1992.0, 1992.5, 1993.0, 1993.5, 1994.0, 1994.5, 1995.0, 1995.5, 1996.0, 1996.5, 1997.0, 1997.5, 1998.0, 1998.5, 1999.0, 1999.5, 2000.0, 2000.5, 2001.0, 2001.5, 2002.0, 2002.5, 2003.0, 2003.5, 2004.0, 2004.5, 2005.0, 2005.5, 2006.0, 2006.5, 2007.0, 2007.5, 2008.0, 2008.5, 2009.0, 2009.5, 2010.0, 2010.5, 2011.0, 2011.5, 2012.0, 2012.5, 2013.0, 2013.5, 2014.0, 2014.5, 2015.0, 2015.5, 2016.0, 2016.5, 2017.0, 2017.5, 2018.0, 2018.5, 2019.0, 2019.5, 2020.0, 2020.5, 2021.0, 2021.5, 2022.0, 2022.5, 2023.0, 2023.5, 2024.0, 2024.5, 2025.0, 2025.5, 2026.0, 2026.5, 2027.0, 2027.5, 2028.0, 2028.5, 2029.0, 2029.5, 2030.0, 2030.5, 2031.0, 2031.5, 2032.0, 2032.5, 2033.0, 2033.5, 2034.0, 2034.5, 2035.0, 2035.5, 2036.0], "pop": [284902.8013180721, 288867.5282009892, 292845.2431704756, 296835.397374756, 300837.44226375903, 304850.83835437347, 308875.0830760678, 312909.6186265182, 316953.8812910798, 321007.31162195327, 325069.3544381846, 329139.4588256654, 333217.0781371329, 337301.66999216983, 341392.6962772044, 345489.62314551044, 349591.92101720726, 353699.0645792598, 357810.5327854783, 361925.80885651876, 366044.38027988264, 370165.738809917, 374289.3804678143, 378414.80554161273, 382541.5185861958, 386669.0284232926, 390796.84814147797, 394924.49509617203, 399051.49090964056, 403177.36147099495, 407301.6369361919, 411423.8517280338, 415543.5445361686, 419660.2583170897, 423773.5402941361, 427882.94195749226, 431988.01906418824, 436088.3316380997, 440183.44396994764, 444272.92461729876, 448356.3464045654, 452433.286423005, 456503.3260307211, 460566.0508526622, 464621.0507806229, 468667.91997324297, 472706.2282957965, 476735.4492171587, 480755.21807139297, 484765.19860420784, 488765.05956430454, 492754.47470337723, 496733.12277611246, 500700.6875401899, 504656.85775628174, 508601.3271880529, 512533.7946021611, 516453.9637682569, 520361.5434589833, 524256.24744997633, 528137.7945198646, 532005.9084502695, 535860.3180258052, 539700.7570340785, 543526.964265689, 547338.6835142291, 551135.6635762838, 554917.658251431, 558684.426342241, 562435.7316542774, 566171.342996096, 569891.0341792456, 573594.5840182677, 577281.7763306964, 580952.399937059, 584606.2486608748, 588243.1213286564, 591862.8217699092, 595465.1588171306, 599049.9463058118, 602617.0030744358, 606166.1529644786, 609697.2248204093, 613210.0524896896, 616704.4748227736, 620180.3356731083, 623637.4838971337, 627075.7733542823, 630495.0629069791, 633895.2164206426, 637276.1027636831, 640637.5958075043, 643979.5744265022, 647301.9224980659, 650604.528902577, 653887.2875234102, 657150.0972469323, 660392.8619625033, 663615.490562476, 666817.8969421955, 670000.0000000001, 673161.7236372206, 676302.9967581804, 679423.753270196, 682523.9320835763, 685603.4771116234, 688662.3372706316, 691700.4664798881, 694717.8236616728, 697714.3727412586, 700690.0826469109, 703644.9273098882, 706578.885664441, 709491.9416478131, 712384.0842002409, 715255.3072649536, 718105.6097881732, 720934.9957191142, 723743.474009984, 726531.0586159824, 729297.7684953026, 732043.62760913, 734768.6649216429, 737472.9144000125, 740156.4150144024, 742819.2107379689, 745461.3505468618, 748082.8884202226, 750683.8833401861, 753264.39929188, 755824.5052634242, 758364.2752459318, 760883.7882335084]}