{"r_die": 0.0066799879378359, "rt_die": 0.0107406410579162, "r_bir": 0.012965562324400522, "rt_bir": -0.016351044007489608, "year0": 2015, "years": [1970.0, 1970.5, 1971.0, 1971.5, 1972.0, 1972.5, 1973.0, 1973.5, 1974.0, 1974.5, 1975.0, 1975.5, 1976.0, 1976.5, 1977.0, 1977.5, 1978.0, 1978.5, 1979.0, 1979.5, 1980.0, 1980.5, 1981.0, 1981.5, 1982.0, 1982.5, 1983.0, 1983.5, 1984.0, 1984.5, 1985.0, 1985.5, 1986.0, 1986.5, 1987.0, 1987.5, 1988.0, 1988.5, 1989.0, 1989.5, 1990.0, 1990.5, 1991.0, 1991.5, 1992.0, 1992.5, 1993.0, 1993.5, 1994.0, 1994.5, 1995.0, 1995.5, 1996.0, 1996.5, 1997.0, 1997.5, 1998.0, 1998.5, 1999.0, 1999.5, 2000.0, 2000.5, 2001.0, 2001.5, 2002.0, 2002.5, 2003.0, 2003.5, 2004.0, 2004.5, 2005.0, 2005.5, 2006.0, 2006.5, 2007.0, 2007.5, 2008.0, 2008.5, 2009.0, 2009.5, 2010.0, 2010.5, 2011.0, 2011.5, 2012.0, 2012.5, 2013.0, 2013.5, 2014.0, 2014.5, 2015.0, 2015.5, 2016.0, 2016.5, 2017.0, 2017.5, 2018.0, 2018.5, 2019.0, 2019.5, 2020.0, 2020.5, 2021.0, 2021.5, 2022.0, 2022.5, 2023.0, 2023.5, 2024.0, 2024.5, 2025.0, 2025.5, 2026.0, 2026.5, 2027.0, 2027.5, 2028.0, 2028.5, 2029.0, 2029.5, 2030.0, 2030.5, 2031.0, 2031.5, 2032.0, 2032.5, 2033.0, 2033.5, 2034.0, 2034.5, 2035.0, 2035.5, 2036.0], "pop": [18402011.20297398, 18613179.431662653, 18824495.974218212, 19035927.020252284, 19247438.726875026, 19458997.503187068, 19670573.01500978, 19882131.332615625, 20093637.292477775, 20305055.920446996, 20516352.431751676, 20727492.23099781, 20938440.91216899, 21149164.25862643, 21359628.243108943, 21569799.027732946, 21779642.963992476, 21989126.592759166, 22198216.64428227, 22406880.038188633, 22615083.88348272, 22822795.47854661, 23029982.311139964, 23236612.058400072, 23442652.586841837, 23648071.952357747, 23852838.40021792, 24056920.365070067, 24260286.470939517, 24462905.531229194, 24664746.54871965, 24865778.715569023, 25065971.413313076, 25265294.21286516, 25463716.874516264, 25661209.34793495, 25857741.77216742, 26053284.47563746, 26247807.97614647, 26441282.980873466, 26633680.386375066, 26824971.278585497, 27015126.93281659, 27204118.81375779, 27391918.57547614, 27578498.061416302, 27763829.30440054, 27947884.526628733, 28130637.213787444, 28312063.105784878, 28492136.35936738, 28670831.40621183, 28848123.05060525, 29023986.469444823, 29198397.21223785, 29371331.201101806, 29542764.730764292, 29712674.468563057, 29881037.454446003, 30047831.10097117, 30213033.193306737, 30376621.88923104, 30538575.719132558, 30698873.5860099, 30857494.765471835, 31014418.905737277, 31169626.027635276, 31323096.524605032, 31474811.162695892, 31624751.080567338, 31772897.78948901, 31919233.17334068, 32063739.48861228, 32206399.36440387, 32347195.802425664, 32486112.17699802, 32623132.235051442, 32758240.09612658, 32891420.252374217, 33022657.568555295, 33151937.282040894, 33279245.002812244, 33404566.713460714, 33527888.769187815, 33649197.897805214, 33768481.19973471, 33885726.148008265, 34000920.58826795, 34114052.73876604, 34225111.19036489, 34334084.90653704, 34440963.223365165, 34545735.84954208, 34648392.86637075, 34748924.72776429, 34847322.26024595, 34943576.66294912, 35037679.507617354, 35129622.73860433, 35219398.672873884, 35307000.0, 35392419.782166794, 35475651.454168536, 35556688.823409624, 35635526.06990464, 35712157.74627826, 35786578.77776535, 35858784.462210886, 35928770.470070004, 35996532.844408, 36062068.00090028, 36125372.72783243, 36186444.18610015, 36245279.90920931, 36301877.80327591, 36356236.14702611, 36408353.59179618, 36458229.16153259, 36505862.2527919, 36551252.63474084, 36594400.44915629, 36635306.21042527, 36673970.805544935, 36710395.4941226, 36744581.90837571, 36776532.05313187, 36806248.30582882, 36833733.41651444, 36858990.507846765, 36882023.07509397, 36902834.98613438, 36921430.481456466, 36937814.17415883]}