{"r_die": 0.0039436621257131, "rt_die": 0.008943802727542, "r_bir": 0.017783969371791827, "rt_bir": -0.027548512875964482, "year0": 2015, "years": [1970.0, 1970.5, 1971.0, 1971.5, 1972.0, 1972.5, 1973.0, 1973.5, 1974.0, 1974.5, 1975.0, 1975.5, 1976.0, 1976.5, 1977.0, 1977.5, 1978.0, 1978.5, 1979.0, 1979.5, 1980.0, 1980.5, 1981.0, 1981.5, 1982.0, 1982.5, 1983.0, 1983.5, 1984.0, 1984.5, 1985.0, 1985.5, 1986.0, 1986.5, 1987.0, 1987.5, 1988.0, 1988.5, 1989.0, 1989.5, 1990.0, 1990.5, 1991.0, 1991.5, 1992.0, 1992.5, 1993.0, 1993.5, 1994.0, 1994.5, 1995.0, 1995.5, 1996.0, 1996.5, 1997.0, 1997.5, 1998.0, 1998.5, 1999.0, 1999.5, 2000.0, 2000.5, 2001.0, 2001.5, 2002.0, 2002.5, 2003.0, 2003.5, 2004.0, 2004.5, 2005.0, 2005.5, 2006.0, 2006.5, 2007.0, 2007.5, 2008.0, 2008.5, 2009.0, 2009.5, 2010.0, 2010.5, 2011.0, 2011.5, 2012.0, 2012.5, 2013.0, 2013.5, 2014.0, 2014.5, 2015.0, 2015.5, 2016.0, 2016.5, 2017.0, 2017.5, 2018.0, 2018.5, 2019.0, 2019.5, 2020.0, 2020.5, 2021.0, 2021.5, 2022.0, 2022.5, 2023.0, 2023.5, 2024.0, 2024.5, 2025.0, 2025.5, 2026.0, 2026.5, 2027.0, 2027.5, 2028.0, 2028.5, 2029.0, 2029.5, 2030.0, 2030.5, 2031.0, 2031.5, 2032.0, 2032.5, 2033.0, 2033.5, 2034.0, 2034.5, 2035.0, 2035.5, 2036.0], "pop": [265844.50594333967, 273717.64001508843, 281704.6839468676, 289803.7498210593, 298012.8744905062, 306330.37306038727, 314754.1568524355, 323281.7993776308, 331910.8453147051, 340638.810510142, 349463.18197817716, 358381.4179007981, 367390.9476277443, 376489.1716765071, 385673.46173232974, 394941.1606482073, 404289.58244488697, 413716.0123108677, 423217.70660240034, 432791.8928434877, 442435.76972588437, 452146.507109097, 461921.2460203842, 471757.09865475626, 481651.1483749755, 491600.4497115562, 501602.02836276445, 511652.8811946183, 521749.97624088754, 531890.2527030943, 542070.620950512, 552287.9625201666, 562539.1301168354, 572820.9476130481, 583130.2100490859, 593463.6836329821, 603818.1057405219, 614190.1849152426, 624576.6008684328, 634974.0044791336, 645379.7808452486, 655791.9346093885, 666207.3624981095, 676622.9890940279, 687035.7847865566, 697442.7657719044, 707840.9940530758, 718227.5774398716, 728599.6695488888, 738954.4698035201, 749289.2234339544, 759601.2214771766, 769887.8007769679, 780146.3439839049, 790374.279555361, 800569.0817555048, 810728.270655302, 820849.412132513, 830930.1178716958, 840968.0453642028, 850960.8979081837, 860906.4246085839, 870802.4203771444, 880646.7259324027, 890437.227799692, 900171.858311142, 909848.5956056779, 919465.4636290213, 929020.5321336898, 938511.9166789969, 947937.7786310521, 957296.3251627611, 966585.8092538257, 975804.5296907434, 984950.8310668081, 994023.1037821096, 1003019.7840435334, 1011939.3538647617, 1020780.3410662722, 1029541.3192753389, 1038220.9079260319, 1046817.7722592168, 1055330.6233225558, 1063758.2179705072, 1072099.3588643249, 1080352.8944720589, 1088517.7190685556, 1096592.772735457, 1104577.0413612018, 1112469.5566410234, 1120269.3960769528, 1127975.6829778166, 1135587.5864592362, 1143104.321443631, 1150525.1486602149, 1157849.3746449987, 1165076.316390943, 1172205.328477438, 1179235.916711931, 1186167.6188078749, 1193000.0000000002, 1199732.653044313, 1206365.1982180949, 1212897.2833199047, 1219328.583669577, 1225658.8021082222, 1231887.6689982277, 1238014.9422232562, 1244040.4071882467, 1249963.8768194153, 1255785.191564253, 1261504.219391528, 1267120.855791284, 1272635.0237748413, 1278046.6738747961, 1283355.7841450209, 1288562.3601606642, 1293666.4350181508, 1298668.069335182, 1303567.3512507346, 1308364.3964250628, 1313059.3480396948, 1317652.3767974374, 1322143.680922372, 1326533.486159857, 1330822.045776526, 1335009.6405602896, 1339096.578820335, 1343083.1963871245, 1346969.8566123967, 1350756.9503691674, 1354444.8960517272, 1358034.1395756442]}