{"r_die": 0.0070322133748249, "rt_die": -0.0062107796133252, "r_bir": 0.013807037878218905, "rt_bir": -0.01843210121802786, "year0": 2015, "years": [1970.0, 1970.5, 1971.0, 1971.5, 1972.0, 1972.5, 1973.0, 1973.5, 1974.0, 1974.5, 1975.0, 1975.5, 1976.0, 1976.5, 1977.0, 1977.5, 1978.0, 1978.5, 1979.0, 1979.5, 1980.0, 1980.5, 1981.0, 1981.5, 1982.0, 1982.5, 1983.0, 1983.5, 1984.0, 1984.5, 1985.0, 1985.5, 1986.0, 1986.5, 1987.0, 1987.5, 1988.0, 1988.5, 1989.0, 1989.5, 1990.0, 1990.5, 1991.0, 1991.5, 1992.0, 1992.5, 1993.0, 1993.5, 1994.0, 1994.5, 1995.0, 1995.5, 1996.0, 1996.5, 1997.0, 1997.5, 1998.0, 1998.5, 1999.0, 1999.5, 2000.0, 2000.5, 2001.0, 2001.5, 2002.0, 2002.5, 2003.0, 2003.5, 2004.0, 2004.5, 2005.0, 2005.5, 2006.0, 2006.5, 2007.0, 2007.5, 2008.0, 2008.5, 2009.0, 2009.5, 2010.0, 2010.5, 2011.0, 2011.5, 2012.0, 2012.5, 2013.0, 2013.5, 2014.0, 2014.5, 2015.0, 2015.5, 2016.0, 2016.5, 2017.0, 2017.5, 2018.0, 2018.5, 2019.0, 2019.5, 2020.0, 2020.5, 2021.0, 2021.5, 2022.0, 2022.5, 2023.0, 2023.5, 2024.0, 2024.5, 2025.0, 2025.5, 2026.0, 2026.5, 2027.0, 2027.5, 2028.0, 2028.5, 2029.0, 2029.5, 2030.0, 2030.5, 2031.0, 2031.5, 2032.0, 2032.5, 2033.0, 2033.5, 2034.0, 2034.5, 2035.0, 2035.5, 2036.0], "pop": [821614.1033868878, 830791.3280144483, 839961.7775367227, 849124.0656478878, 858276.8193051472, 867418.6823871146, 876548.3603385049, 885664.5189299574, 894765.8194850992, 903850.9422386889, 912918.5863366186, 921967.4698359118, 930996.3297047244, 940003.9218223452, 948989.0209791948, 957950.4208768264, 966886.9341279257, 975797.39225631, 984680.6456969299, 993535.5637958675, 1002361.034810338, 1011155.9659086881, 1019919.2831703976, 1028649.9315860783, 1037346.875057474, 1046009.0963974617, 1054635.5973300498, 1063225.3984903796, 1071777.5394247246, 1080291.0785904904, 1088765.0933562154, 1097198.68000157, 1105590.953717357, 1113941.0486055114, 1122248.1176791012, 1130511.3328623257, 1138729.884990517, 1146902.98381014, 1155029.8579787912, 1163109.7550652002, 1171141.9415492278, 1179125.7028218685, 1187060.343185248, 1194945.185852625, 1202779.57294839, 1210562.8655080667, 1218294.4434783102, 1225973.7057169087, 1233599.932355895, 1241171.8270787399, 1248688.8636096136, 1256150.6591440856, 1263556.8414548144, 1270907.048891548, 1278200.9303811241, 1285438.1454274694, 1292618.3641116, 1299741.2670916216, 1306806.5456027295, 1313813.9014572084, 1320763.0470444318, 1327653.7053308634, 1334485.6098600556, 1341258.5047526504, 1347972.1447063796, 1354626.2949960642, 1361220.7314736145, 1367755.2405680297, 1374229.6192853998, 1380643.6752089027, 1386997.2264988068, 1393290.1018924695, 1399522.140704337, 1405693.192825946, 1411803.118725922, 1417851.78944998, 1423839.086620924, 1429764.9024386485, 1435629.1396801362, 1441431.71169946, 1447172.5424277815, 1452851.566373353, 1458468.728621514, 1464023.984834696, 1469517.301252418, 1474948.6546912892, 1480318.032545008, 1485625.4327843625, 1490870.8639572298, 1496054.3451885763, 1501175.9061804586, 1506235.5872120217, 1511233.4391395012, 1516169.5233962208, 1521043.9119925941, 1525856.6875161245, 1530607.9431314045, 1535297.782580116, 1539926.3201810305, 1544493.6808300084, 1549000.0, 1553445.4237410447, 1557830.108680272, 1562154.2220218997, 1566417.9415472357, 1570621.4556146772, 1574764.9631597109, 1578848.6736949126, 1582872.8073099477, 1586837.5946715714, 1590743.2770236272, 1594590.106187049, 1598378.3445598602, 1602108.2651171726, 1605780.1514111885, 1609394.2975711988, 1612951.0083035845, 1616450.5988918154, 1619893.3951964509, 1623279.7336551398, 1626609.9612826207, 1629884.435670721, 1633103.524988358, 1636267.607981538, 1639377.0739733567, 1642432.3228639998, 1645433.7651307415, 1648381.821827947, 1651276.9245870681, 1654119.5156166488, 1656910.0477023215, 1659648.9842068076, 1662336.7990699178]}