{"r_die": 0.0037353325034226, "rt_die": 0.0163120480938412, "r_bir": 0.014294829554975777, "rt_bir": -0.01025479923740918, "year0": 2015, "years": [1970.0, 1970.5, 1971.0, 1971.5, 1972.0, 1972.5, 1973.0, 1973.5, 1974.0, 1974.5, 1975.0, 1975.5, 1976.0, 1976.5, 1977.0, 1977.5, 1978.0, 1978.5, 1979.0, 1979.5, 1980.0, 1980.5, 1981.0, 1981.5, 1982.0, 1982.5, 1983.0, 1983.5, 1984.0, 1984.5, 1985.0, 1985.5, 1986.0, 1986.5, 1987.0, 1987.5, 1988.0, 1988.5, 1989.0, 1989.5, 1990.0, 1990.5, 1991.0, 1991.5, 1992.0, 1992.5, 1993.0, 1993.5, 1994.0, 1994.5, 1995.0, 1995.5, 1996.0, 1996.5, 1997.0, 1997.5, 1998.0, 1998.5, 1999.0, 1999.5, 2000.0, 2000.5, 2001.0, 2001.5, 2002.0, 2002.5, 2003.0, 2003.5, 2004.0, 2004.5, 2005.0, 2005.5, 2006.0, 2006.5, 2007.0, 2007.5, 2008.0, 2008.5, 2009.0, 2009.5, 2010.0, 2010.5, 2011.0, 2011.5, 2012.0, 2012.5, 2013.0, 2013.5, 2014.0, 2014.5, 2015.0, 2015.5, 2016.0, 2016.5, 2017.0, 2017.5, 2018.0, 2018.5, 2019.0, 2019.5, 2020.0, 2020.5, 2021.0, 2021.5, 2022.0, 2022.5, 2023.0, 2023.5, 2024.0, 2024.5, 2025.0, 2025.5, 2026.0, 2026.5, 2027.0, 2027.5, 2028.0, 2028.5, 2029.0, 2029.5, 2030.0, 2030.5, 2031.0, 2031.5, 2032.0, 2032.5, 2033.0, 2033.5, 2034.0, 2034.5, 2035.0, 2035.5, 2036.0], "pop": [1027002.5101499056, 1037748.9743661238, 1048539.509435841, 1059373.4083958094, 1070249.9540364188, 1081168.4206323584, 1092128.110660827, 1103128.2820220145, 1114168.1631987898, 1125246.9742675757, 1136363.9268983484, 1147518.224354639, 1158709.0614935327, 1169935.624765668, 1181197.0922152386, 1192492.633479991, 1203821.4097912267, 1215182.573973801, 1226575.270446123, 1237998.635220157, 1249451.7959014196, 1260933.8716889827, 1272443.9733754718, 1283981.2033470669, 1295544.6555835018, 1307133.4156580642, 1318746.5607375964, 1330383.159582494, 1342042.2725467074, 1353722.9515777407, 1365424.2402166524, 1377145.1735980546, 1388884.7784501137, 1400642.07309455, 1412416.0674466388, 1424205.7630152078, 1436010.1529026406, 1447828.2218048736, 1459658.9460113975, 1471501.2934052574, 1483354.2234630522, 1495216.6872549353, 1507087.6274446137, 1518965.9782893488, 1530850.6656399556, 1542740.6069408034, 1554634.711229816, 1566531.879138471, 1578431.0028918001, 1590331.2713652914, 1602232.018972829, 1614132.0451987768, 1626030.1409511778, 1637925.096456611, 1649815.701260192, 1661700.7442255719, 1673579.0135349382, 1685449.2966890144, 1697310.3805070608, 1709161.0511268731, 1721000.094004783, 1732826.2939156597, 1744638.4349529066, 1756435.3005284648, 1768215.673372811, 1779978.3355349575, 1791722.0683824539, 1803445.6526013853, 1815147.8681963724, 1826827.4944905734, 1838483.3101256816, 1850114.0930619263, 1861718.620578074, 1873295.669271426, 1884844.015057821, 1896362.4331716336, 1907849.6981657734, 1919304.5839116878, 1930725.8635993588, 1942112.3097373059, 1953462.694152584, 1964775.7879907843, 1976050.361716034, 1987285.1851109967, 1998479.027276872, 2009630.6566333955, 2020738.8409188397, 2031802.347190012, 2042819.9418222571, 2053790.390509455, 2064712.4582640228, 2075584.9094169121, 2086406.507617613, 2097176.0158341494, 2107892.1963530835, 2118553.8107795115, 2129159.6200370668, 2139708.38436792, 2150198.863332776, 2160629.8158108764, 2171000.0, 2181308.1734164604, 2191553.092895108, 2201733.514589329, 2211848.1939710462, 2221895.885830719, 2231875.344277341, 2241785.3227384435, 2251624.5739600947, 2261391.850006897, 2271085.90226199, 2280705.4814270493, 2290249.337522287, 2299716.21988645, 2309104.8771768236, 2318414.0573692275, 2327642.507758018, 2336788.974956088, 2345852.204894865, 2354830.942824315, 2363723.933312938, 2372529.920247772, 2381247.6468343893, 2389875.8555969, 2398413.2883779495, 2406858.686338719, 2415210.7899589273, 2423468.339036827, 2431630.0726892087, 2439694.7293513995, 2447661.046777261, 2455527.7620391916, 2463293.6115281265]}