{"r_die": 0.0047107577009908, "rt_die": -0.0133483812686286, "r_bir": 0.015333349940032931, "rt_bir": -0.019839616359792957, "year0": 2015, "years": [1970.0, 1970.5, 1971.0, 1971.5, 1972.0, 1972.5, 1973.0, 1973.5, 1974.0, 1974.5, 1975.0, 1975.5, 1976.0, 1976.5, 1977.0, 1977.5, 1978.0, 1978.5, 1979.0, 1979.5, 1980.0, 1980.5, 1981.0, 1981.5, 1982.0, 1982.5, 1983.0, 1983.5, 1984.0, 1984.5, 1985.0, 1985.5, 1986.0, 1986.5, 1987.0, 1987.5, 1988.0, 1988.5, 1989.0, 1989.5, 1990.0, 1990.5, 1991.0, 1991.5, 1992.0, 1992.5, 1993.0, 1993.5, 1994.0, 1994.5, 1995.0, 1995.5, 1996.0, 1996.5, 1997.0, 1997.5, 1998.0, 1998.5, 1999.0, 1999.5, 2000.0, 2000.5, 2001.0, 2001.5, 2002.0, 2002.5, 2003.0, 2003.5, 2004.0, 2004.5, 2005.0, 2005.5, 2006.0, 2006.5, 2007.0, 2007.5, 2008.0, 2008.5, 2009.0, 2009.5, 2010.0, 2010.5, 2011.0, 2011.5, 2012.0, 2012.5, 2013.0, 2013.5, 2014.0, 2014.5, 2015.0, 2015.5, 2016.0, 2016.5, 2017.0, 2017.5, 2018.0, 2018.5, 2019.0, 2019.5, 2020.0, 2020.5, 2021.0, 2021.5, 2022.0, 2022.5, 2023.0, 2023.5, 2024.0, 2024.5, 2025.0, 2025.5, 2026.0, 2026.5, 2027.0, 2027.5, 2028.0, 2028.5, 2029.0, 2029.5, 2030.0, 2030.5, 2031.0, 2031.5, 2032.0, 2032.5, 2033.0, 2033.5, 2034.0, 2034.5, 2035.0, 2035.5, 2036.0], "pop": [502378.151106478, 509638.4535620131, 516923.34076817794, 524231.73603264155, 531562.5636223741, 538914.7680982278, 546287.3621439306, 553679.2502114157, 561089.3286115626, 568516.5026788359, 575959.6867712853, 583417.8042705448, 590889.7875818342, 598374.5781339579, 605871.126379305, 613378.3917938499, 620895.3428771517, 628420.9571523546, 635954.2211661878, 643494.1304889652, 651039.6897145859, 658589.9124605339, 666143.8213678781, 673700.4481012723, 681258.8333489553, 688818.0268227508, 696377.0872580677, 703935.0824138994, 711491.0890728247, 719044.1930410072, 726593.4891481951, 734138.0812477223, 741677.0822165067, 749209.613955052, 756734.8073874464, 764251.8024613631, 771759.7481480604, 779257.8024423814, 786745.1323627543, 794220.9139511918, 801684.3322732922, 809134.5814182387, 816570.8644987984, 823992.3936513249, 831398.3900357557, 838788.0838356136, 846160.532954042, 853514.7650269764, 860850.1467461677, 868166.0583431693, 875461.8897207383, 882737.040452835, 889990.9197846245, 897222.9466324748, 904432.549583958, 911619.1668978502, 918782.2465041311, 925921.2460039839, 933035.6326697962, 940124.8834451588, 947188.4849448667, 954225.9334549184, 961236.7349325162, 968220.4050060667, 975176.4689751795, 982104.4618106683, 989003.928154551, 995874.4223200486, 1002715.5082915862, 1009526.7597247929, 1016307.7599465012, 1023058.101954748, 1029777.388418773, 1036465.2316790203, 1043121.2537471381, 1049745.0863059775, 1056336.3707095943, 1062894.7579832475, 1069419.9088234003, 1075911.493597719, 1082369.1923450741, 1088792.6947755404, 1095181.7002703957, 1101535.917882122, 1107855.0663344047, 1114138.8740221339, 1120387.0790114016, 1126599.4290395062, 1132775.681514948, 1138915.6035174313, 1145018.9717978647, 1151085.57277836, 1157115.2025522338, 1163107.6668840053, 1169062.7812093985, 1174980.37063534, 1180860.2699399618, 1186702.323572598, 1192506.3856537873, 1198272.3199752725, 1204000.0, 1209689.3088621187, 1215340.139366984, 1220952.393991152, 1226525.9848823852, 1232060.833859648, 1237556.8724131098, 1243014.041704143, 1248432.292565324, 1253811.5855004333, 1259151.8906844552, 1264453.187963577, 1269715.4668551907, 1274938.7265478917, 1280122.9759014794, 1285268.2334469564, 1290374.5273865298, 1295441.89559361, 1300470.385612811, 1305460.0546599515, 1310410.9696220532, 1315323.2070573417, 1320196.8531952468, 1325032.0039364016, 1329828.764852643, 1334587.2511870118, 1339307.5878537532, 1343989.9094383148, 1348634.3601973495, 1353241.0940587127, 1357810.2746214645, 1362342.0751558687, 1366836.6786033919]}