{"r_die": 0.0064284459705086, "rt_die": -0.0469093776088271, "r_bir": 0.014503040533212759, "rt_bir": -0.059061142302596875, "year0": 2015, "years": [1970.0, 1970.5, 1971.0, 1971.5, 1972.0, 1972.5, 1973.0, 1973.5, 1974.0, 1974.5, 1975.0, 1975.5, 1976.0, 1976.5, 1977.0, 1977.5, 1978.0, 1978.5, 1979.0, 1979.5, 1980.0, 1980.5, 1981.0, 1981.5, 1982.0, 1982.5, 1983.0, 1983.5, 1984.0, 1984.5, 1985.0, 1985.5, 1986.0, 1986.5, 1987.0, 1987.5, 1988.0, 1988.5, 1989.0, 1989.5, 1990.0, 1990.5, 1991.0, 1991.5, 1992.0, 1992.5, 1993.0, 1993.5, 1994.0, 1994.5, 1995.0, 1995.5, 1996.0, 1996.5, 1997.0, 1997.5, 1998.0, 1998.5, 1999.0, 1999.5, 2000.0, 2000.5, 2001.0, 2001.5, 2002.0, 2002.5, 2003.0, 2003.5, 2004.0, 2004.5, 2005.0, 2005.5, 2006.0, 2006.5, 2007.0, 2007.5, 2008.0, 2008.5, 2009.0, 2009.5, 2010.0, 2010.5, 2011.0, 2011.5, 2012.0, 2012.5, 2013.0, 2013.5, 2014.0, 2014.5, 2015.0, 2015.5, 2016.0, 2016.5, 2017.0, 2017.5, 2018.0, 2018.5, 2019.0, 2019.5, 2020.0, 2020.5, 2021.0, 2021.5, 2022.0, 2022.5, 2023.0, 2023.5, 2024.0, 2024.5, 2025.0, 2025.5, 2026.0, 2026.5, 2027.0, 2027.5, 2028.0, 2028.5, 2029.0, 2029.5, 2030.0, 2030.5, 2031.0, 2031.5, 2032.0, 2032.5, 2033.0, 2033.5, 2034.0, 2034.5, 2035.0, 2035.5, 2036.0], "pop": [3768695.5104007525, 4065050.68657924, 4374383.503904076, 4696508.1155282585, 5031199.456705777, 5378178.361999364, 5737109.276105623, 6107630.127099186, 6489352.924271193, 6881863.758129298, 7284722.8003976615, 7697464.304016954, 8119596.6031443635, 8550602.113153575, 8989937.330634791, 9437032.833394729, 9891293.280456608, 10352097.412060158, 10818800.483449165, 11290868.465546524, 11767725.864807142, 12248740.395097466, 12733295.473567678, 13220790.22065167, 13710639.46006707, 14202273.718815224, 14695139.227181206, 15188697.918733807, 15682427.43032555, 16175821.102092674, 16668387.977455154, 17159652.803116675, 17649156.02906465, 18136453.80857023, 18621117.998188272, 19102736.157757357, 19580911.550399814, 20055263.14252166, 20525425.603812665, 20991049.307246312, 21451796.685495943, 21907218.891159784, 22357041.851415876, 22801102.425590876, 23239246.494324148, 23671328.959567763, 24097213.744586516, 24516773.793957893, 24929891.0735721, 25336456.57063206, 25736370.293653388, 26129541.27246442, 26515887.558206208, 26895336.223332494, 27267823.361609757, 27633294.08811716, 27991702.53924659, 28343011.872702647, 28687194.26750262, 29024230.923976533, 29354112.063767113, 29676836.929829784, 29992413.786432695, 30300859.9191567, 30602201.63489535, 30896474.26185493, 31183722.149554428, 31463998.668825526, 31737366.211812627, 32003896.191972844, 32263669.044075992, 32516774.224204626, 32763310.20975396, 33003384.49943197, 33237113.6132593, 33464623.092569325, 33686047.500008136, 33901530.41953452, 34111224.45641996, 34315291.2372487, 34513901.409917645, 34707136.73531481, 34894930.36017469, 35077395.094066314, 35254649.706300296, 35426811.40201953, 35593995.822199196, 35756317.04364677, 35913887.579001985, 36066818.376736894, 36215218.82115581, 36359196.73239534, 36498858.36642438, 36634308.41504411, 36765650.00588798, 36892984.70242174, 37016412.50394343, 37136031.84558335, 37251939.59830411, 37364231.06890061, 37473000.0, 37578338.57006175, 37680337.393377595, 37779085.520071566, 37874670.43609998, 37967178.06325141, 38056692.75914678, 38143297.31723922, 38227072.96681418, 38308099.37298943, 38386454.636714965, 38462215.29477311, 38535456.31977844, 38606251.12017784, 38674671.540250465, 38740787.86010777, 38804668.7956935, 38866381.49878364, 38925991.55698652, 38983562.99374271, 39039158.2683251, 39092838.27583883, 39144662.347221345, 39194688.24924239, 39242972.18450395, 39289568.791440345, 39334531.14431815, 39377910.75323622, 39419757.56412573, 39460119.95875011, 39499044.75470507, 39536577.20541863, 39572761.00015108]}