{"r_die": 0.0086547756984086, "rt_die": -0.02325306944927, "r_bir": 0.024346681542345386, "rt_bir": -0.030934956162774124, "year0": 2015, "years": [1970.0, 1970.5, 1971.0, 1971.5, 1972.0, 1972.5, 1973.0, 1973.5, 1974.0, 1974.5, 1975.0, 1975.5, 1976.0, 1976.5, 1977.0, 1977.5, 1978.0, 1978.5, 1979.0, 1979.5, 1980.0, 1980.5, 1981.0, 1981.5, 1982.0, 1982.5, 1983.0, 1983.5, 1984.0, 1984.5, 1985.0, 1985.5, 1986.0, 1986.5, 1987.0, 1987.5, 1988.0, 1988.5, 1989.0, 1989.5, 1990.0, 1990.5, 1991.0, 1991.5, 1992.0, 1992.5, 1993.0, 1993.5, 1994.0, 1994.5, 1995.0, 1995.5, 1996.0, 1996.5, 1997.0, 1997.5, 1998.0, 1998.5, 1999.0, 1999.5, 2000.0, 2000.5, 2001.0, 2001.5, 2002.0, 2002.5, 2003.0, 2003.5, 2004.0, 2004.5, 2005.0, 2005.5, 2006.0, 2006.5, 2007.0, 2007.5, 2008.0, 2008.5, 2009.0, 2009.5, 2010.0, 2010.5, 2011.0, 2011.5, 2012.0, 2012.5, 2013.0, 2013.5, 2014.0, 2014.5, 2015.0, 2015.5, 2016.0, 2016.5, 2017.0, 2017.5, 2018.0, 2018.5, 2019.0, 2019.5, 2020.0, 2020.5, 2021.0, 2021.5, 2022.0, 2022.5, 2023.0, 2023.5, 2024.0, 2024.5, 2025.0, 2025.5, 2026.0, 2026.5, 2027.0, 2027.5, 2028.0, 2028.5, 2029.0, 2029.5, 2030.0, 2030.5, 2031.0, 2031.5, 2032.0, 2032.5, 2033.0, 2033.5, 2034.0, 2034.5, 2035.0, 2035.5, 2036.0], "pop": [14291890.018842887, 14820935.757907579, 15360280.05269997, 15909790.21479293, 16469325.759342395, 17038756.33154528, 17617912.657428347, 18206609.352670513, 18804656.80394042, 19411861.16889641, 20028024.37618655, 20652944.12544862, 21286413.887310117, 21928222.903388254, 22578156.186289955, 23235994.51961186, 23901514.457940333, 24574488.326851435, 25254684.222910963, 25941866.01367442, 26635793.337687023, 27336221.604483705, 28042901.994589116, 28755581.45951762, 29474002.721773304, 30197904.274849955, 30927020.383231092, 31661081.08238993, 32399812.178789426, 33142935.249882217, 33890167.6441107, 34641222.48090694, 35395808.65069276, 36153630.81487968, 36914412.18664164, 37677984.34022695, 38444086.93896892, 39212445.58838321, 39982790.30600558, 40754855.52139187, 41528380.07611801, 42303107.22378002, 43078784.62999402, 43855164.37239621, 44632002.94064286, 45409061.23641038, 46186104.573395215, 46962902.67731394, 47739229.68590317, 48514864.14891967, 49289589.028140254, 50063191.69736184, 50835463.942401424, 51606201.961096115, 52375206.36330307, 53142282.17089958, 53907238.81778298, 54669890.149870746, 55430054.4251004, 56187554.31342958, 56942216.89683598, 57693873.669317454, 58442360.53689184, 59187517.817597166, 59929190.241491474, 60667226.95065294, 61401481.49917981, 62131811.85319044, 62858080.39082323, 63580153.90223673, 64297903.58960954, 65011205.06714035, 65719938.36104796, 66423987.90957122, 67123242.56296912, 67817595.5835207, 68506944.64552511, 69191191.83530158, 69870243.65118945, 70544005.42993075, 71212354.9280281, 71875226.31899814, 72532568.19909675, 73184331.40761854, 73830469.02689673, 74470936.38230327, 75105691.04224867, 75734692.81818219, 76357903.76459171, 76975288.17900382, 77586812.60198368, 78192445.8171352, 78792158.8511009, 79385924.97356199, 79973719.69723833, 80555520.77788843, 81131308.21430948, 81701064.24833734, 82264773.36484648, 82822422.29175009, 83374000.0, 83919497.70358668, 84458908.8595393, 84992229.16792569, 85519456.57185228, 86040591.25746424, 86555635.65394536, 87064594.43351808, 87567474.51144356, 88064285.04602152, 88555037.43859048, 89039745.33352748, 89518424.61824831, 89991093.4232074, 90457772.12189785, 90918483.33085139, 91373251.90963845, 91822104.96086809, 92265071.83018804, 92702184.10628471, 93133475.62088314, 93558982.44874707, 93978742.90767887, 94392797.55851959, 94801189.20514894, 95203962.89448524, 95601165.91648558, 95992847.80414562, 96379060.33349968, 96759857.52362081, 97135295.63662067, 97505433.1776496, 97870330.89489658]}