{"r_die": 0.0083993462556578, "rt_die": -0.0250389052270235, "r_bir": 0.023613362626170215, "rt_bir": -0.04084005363081828, "year0": 2015, "years": [1970.0, 1970.5, 1971.0, 1971.5, 1972.0, 1972.5, 1973.0, 1973.5, 1974.0, 1974.5, 1975.0, 1975.5, 1976.0, 1976.5, 1977.0, 1977.5, 1978.0, 1978.5, 1979.0, 1979.5, 1980.0, 1980.5, 1981.0, 1981.5, 1982.0, 1982.5, 1983.0, 1983.5, 1984.0, 1984.5, 1985.0, 1985.5, 1986.0, 1986.5, 1987.0, 1987.5, 1988.0, 1988.5, 1989.0, 1989.5, 1990.0, 1990.5, 1991.0, 1991.5, 1992.0, 1992.5, 1993.0, 1993.5, 1994.0, 1994.5, 1995.0, 1995.5, 1996.0, 1996.5, 1997.0, 1997.5, 1998.0, 1998.5, 1999.0, 1999.5, 2000.0, 2000.5, 2001.0, 2001.5, 2002.0, 2002.5, 2003.0, 2003.5, 2004.0, 2004.5, 2005.0, 2005.5, 2006.0, 2006.5, 2007.0, 2007.5, 2008.0, 2008.5, 2009.0, 2009.5, 2010.0, 2010.5, 2011.0, 2011.5, 2012.0, 2012.5, 2013.0, 2013.5, 2014.0, 2014.5, 2015.0, 2015.5, 2016.0, 2016.5, 2017.0, 2017.5, 2018.0, 2018.5, 2019.0, 2019.5, 2020.0, 2020.5, 2021.0, 2021.5, 2022.0, 2022.5, 2023.0, 2023.5, 2024.0, 2024.5, 2025.0, 2025.5, 2026.0, 2026.5, 2027.0, 2027.5, 2028.0, 2028.5, 2029.0, 2029.5, 2030.0, 2030.5, 2031.0, 2031.5, 2032.0, 2032.5, 2033.0, 2033.5, 2034.0, 2034.5, 2035.0, 2035.5, 2036.0], "pop": [20227057.301354725, 21489602.10003218, 22800746.536757838, 24160556.638481654, 25568996.68248832, 27025904.753050573, 28531070.44791384, 30084207.04295667, 31684948.044760954, 33332847.19061195, 35027378.44849828, 36767936.017111905, 38553834.325848155, 40384308.034805715, 42258512.03478663, 44175521.44729626, 46134331.6245434, 48133858.149440125, 50172936.83560192, 52250323.72734759, 54364695.099699326, 56514647.45838264, 58698938.45914804, 60916435.4874152, 63165577.91870388, 65444799.79954862, 67752537.5179848, 70087229.80354859, 72447317.727277, 74831244.70170783, 77237456.48087968, 79664401.16033198, 82110529.17710495, 84574293.30973963, 87054148.6782779, 89548552.74426237, 92055965.31073654, 94574848.52224468, 97103666.86483188, 99640887.16604406, 102184978.59492788, 104734412.6620309, 107287663.21940142, 109843206.46058857, 112399520.92064235, 114955087.47611347, 117508389.34505348, 120057912.0870148, 122602230.40399201, 125140176.43538839, 127670553.92649421, 130192196.15994896, 132703970.57486758, 135204778.76684052, 137693556.48793378, 140169273.64668894, 142630934.30812296, 145077576.6937285, 147508273.18147358, 149922130.30580184, 152318288.75763243, 154695923.38436, 157054243.1898547, 159392491.3344623, 161709945.135004, 164005916.06477657, 166279749.7535523, 168530825.9875789, 170758558.70957977, 172962396.01875374, 175141820.17077515, 177296347.57779396, 179425528.80843556, 181528948.5878008, 183606225.79746628, 185657013.4754839, 187680998.81638116, 189677903.1711611, 191647482.04730228, 193589525.10875878, 195503856.1759602, 197390333.2258117, 199248848.39169383, 201079327.96346283, 202881732.3874504, 204656056.26646367, 206402328.35978544, 208120611.583174, 209811003.0088631, 211473633.86556196, 213108597.47615418, 214715524.4086532, 216294483.59044397, 217845664.61482242, 219369261.5073951, 220865472.7260789, 222334501.16110146, 223776554.13500088, 225191843.4026259, 226580585.15113562, 227943000.0, 229279313.00099924, 230589753.6382243, 231874555.82807657, 233133957.91926816, 234368202.69282153, 235577537.36206985, 236762213.5726567, 237922487.4025364, 239058619.3619737, 240170874.3935439, 241259521.87213287, 242324835.60493705, 243367093.8314635, 244386579.22352964, 245383578.88526368, 246358384.35310423, 247311291.59580052, 248242601.01441225, 249152617.44230977, 250041650.14517394, 250910012.82099625, 251758023.60007855, 252586005.04503348, 253394284.1507841, 254183192.344564, 254953065.4859174, 255704243.8666991, 256437072.2110743, 257151899.67551896, 257849079.8488194, 258528970.75207266, 259191934.83868617]}