{"r_die": 0.0061237728750253, "rt_die": -0.0, "r_bir": 0.012427448756543035, "rt_bir": -0.02581578241195982, "year0": 2015, "years": [1970.0, 1970.5, 1971.0, 1971.5, 1972.0, 1972.5, 1973.0, 1973.5, 1974.0, 1974.5, 1975.0, 1975.5, 1976.0, 1976.5, 1977.0, 1977.5, 1978.0, 1978.5, 1979.0, 1979.5, 1980.0, 1980.5, 1981.0, 1981.5, 1982.0, 1982.5, 1983.0, 1983.5, 1984.0, 1984.5, 1985.0, 1985.5, 1986.0, 1986.5, 1987.0, 1987.5, 1988.0, 1988.5, 1989.0, 1989.5, 1990.0, 1990.5, 1991.0, 1991.5, 1992.0, 1992.5, 1993.0, 1993.5, 1994.0, 1994.5, 1995.0, 1995.5, 1996.0, 1996.5, 1997.0, 1997.5, 1998.0, 1998.5, 1999.0, 1999.5, 2000.0, 2000.5, 2001.0, 2001.5, 2002.0, 2002.5, 2003.0, 2003.5, 2004.0, 2004.5, 2005.0, 2005.5, 2006.0, 2006.5, 2007.0, 2007.5, 2008.0, 2008.5, 2009.0, 2009.5, 2010.0, 2010.5, 2011.0, 2011.5, 2012.0, 2012.5, 2013.0, 2013.5, 2014.0, 2014.5, 2015.0, 2015.5, 2016.0, 2016.5, 2017.0, 2017.5, 2018.0, 2018.5, 2019.0, 2019.5, 2020.0, 2020.5, 2021.0, 2021.5, 2022.0, 2022.5, 2023.0, 2023.5, 2024.0, 2024.5, 2025.0, 2025.5, 2026.0, 2026.5, 2027.0, 2027.5, 2028.0, 2028.5, 2029.0, 2029.5, 2030.0, 2030.5, 2031.0, 2031.5, 2032.0, 2032.5, 2033.0, 2033.5, 2034.0, 2034.5, 2035.0, 2035.5, 2036.0], "pop": [30279.218379711667, 30788.074619083087, 31297.562926487626, 31807.537055504097, 32317.851680486394, 32828.36635258781, 33338.947887455004, 33849.44967507035, 34359.72618343691, 34869.63411315313, 35379.03239741282, 35887.78220200518, 36395.74692531479, 36902.792198321564, 37408.78588460085, 37913.59808032334, 38417.10111425509, 38919.16954775756, 39419.68017478759, 39918.51202189735, 40415.546348234435, 40910.66664554179, 41403.75863815774, 41894.710283016, 42383.41176964564, 42869.75552017111, 43353.63618931224, 43834.950664384254, 44313.59806529773, 44789.47974455861, 45262.49928726824, 45732.56251112333, 46199.577466415954, 46663.45443603359, 47124.10593545908, 47581.446712770616, 48035.3937486418, 48485.8662563416, 48932.78568173435, 49376.07570327977, 49815.66223203293, 50251.47341164434, 50683.43961835982, 51111.493461020604, 51535.56509794041, 51955.47590612193, 52371.13571911179, 52782.512557319926, 53189.57548239468, 53592.29459722292, 53990.64104592995, 54384.587013879565, 54774.10572767399, 55159.17145515393, 55539.759505398586, 55915.8462287256, 56287.40901669105, 56654.42630208953, 57016.877558954104, 57374.74330255624, 57728.00508940594, 58076.645517251636, 58420.64822508022, 58759.99789311709, 59094.68024282607, 59424.682036909464, 59749.99107930804, 60070.59621520105, 60386.48733100619, 60697.65535437962, 61004.09225421598, 61305.79104064837, 61602.745765048385, 61894.95152002602, 62182.404439429796, 62465.10169834668, 62743.04151310209, 63016.22314125996, 63284.646881622604, 63548.3140742309, 63807.22710036412, 64061.389382540045, 64310.805384514875, 64555.48061128333, 64795.42160907856, 65030.63596537221, 65261.132308874374, 65486.92030953359, 65708.0106785369, 65924.4151683098, 66136.14657251624, 66343.21872605865, 66545.64650507792, 66743.44582695342, 66936.63365030296, 67125.22797498283, 67309.24784208779, 67488.71333395108, 67663.64557414435, 67834.06672747778, 68000.0, 68161.4696389981, 68318.50093299759, 68471.12021176252, 68619.35484629538, 68763.23324883712, 68902.78487286715, 69038.04021310336, 69169.03080550212, 69295.7892272582, 69418.34909680492, 69536.745073814, 69651.0128591957, 69761.18919509868, 69867.31186491007, 69969.41969325549, 70067.55254599903, 70161.75133024323, 70252.05799432912, 70338.51552783615, 70421.1679615823, 70500.06036762393, 70575.23885925596, 70646.75059101172, 70714.64375866302, 70778.96759922014, 70839.77239093182, 70897.10945328526, 70951.03114700613, 71001.59087405859, 71048.84307764523, 71092.84324220715, 71133.64789342383]}