{"r_die": 0.0044762030338483, "rt_die": -0.0151841361631492, "r_bir": 0.024993609000850705, "rt_bir": -0.014015218916067206, "year0": 2015, "years": [1970.0, 1970.5, 1971.0, 1971.5, 1972.0, 1972.5, 1973.0, 1973.5, 1974.0, 1974.5, 1975.0, 1975.5, 1976.0, 1976.5, 1977.0, 1977.5, 1978.0, 1978.5, 1979.0, 1979.5, 1980.0, 1980.5, 1981.0, 1981.5, 1982.0, 1982.5, 1983.0, 1983.5, 1984.0, 1984.5, 1985.0, 1985.5, 1986.0, 1986.5, 1987.0, 1987.5, 1988.0, 1988.5, 1989.0, 1989.5, 1990.0, 1990.5, 1991.0, 1991.5, 1992.0, 1992.5, 1993.0, 1993.5, 1994.0, 1994.5, 1995.0, 1995.5, 1996.0, 1996.5, 1997.0, 1997.5, 1998.0, 1998.5, 1999.0, 1999.5, 2000.0, 2000.5, 2001.0, 2001.5, 2002.0, 2002.5, 2003.0, 2003.5, 2004.0, 2004.5, 2005.0, 2005.5, 2006.0, 2006.5, 2007.0, 2007.5, 2008.0, 2008.5, 2009.0, 2009.5, 2010.0, 2010.5, 2011.0, 2011.5, 2012.0, 2012.5, 2013.0, 2013.5, 2014.0, 2014.5, 2015.0, 2015.5, 2016.0, 2016.5, 2017.0, 2017.5, 2018.0, 2018.5, 2019.0, 2019.5, 2020.0, 2020.5, 2021.0, 2021.5, 2022.0, 2022.5, 2023.0, 2023.5, 2024.0, 2024.5, 2025.0, 2025.5, 2026.0, 2026.5, 2027.0, 2027.5, 2028.0, 2028.5, 2029.0, 2029.5, 2030.0, 2030.5, 2031.0, 2031.5, 2032.0, 2032.5, 2033.0, 2033.5, 2034.0, 2034.5, 2035.0, 2035.5, 2036.0], "pop": [5093085.722645001, 5190689.349865163, 5289475.793238894, 5389446.423306838, 5490602.409893006, 5592944.582863139, 5696473.403514675, 5801189.4491747655, 5907093.110160678, 6014184.577160597, 6122463.841233632, 6231930.693809814, 6342584.726690093, 6454425.332046342, 6567451.702421354, 6681662.830728848, 6797057.510253458, 6913634.334650742, 7031391.697947182, 7150327.794540177, 7270440.619198051, 7391727.967060048, 7514187.433636334, 7637816.414807993, 7762612.106827036, 7888571.506316393, 8015691.410269912, 8143968.41605237, 8273398.921399457, 8403979.124417791, 8535705.023584908, 8668572.417749263, 8802576.906130241, 8937713.888318142, 9073978.564274184, 9211365.934330516, 9349870.799190199, 9489487.759927226, 9630211.217986498, 9772035.375183847, 9914954.233706025, 10058961.596110705, 10204051.065326478, 10350216.320721483, 10497454.362439536, 10645759.026532568, 10795122.73157475, 10945537.819480184, 11096996.555502927, 11249491.128236964, 11403013.649616236, 11557556.154914623, 11713110.602745943, 11869668.875063965, 12027222.777162394, 12185764.037674878, 12345284.308575014, 12505775.165176334, 12667228.106132321, 12829634.553436397, 12992985.85242192, 13157273.271762203, 13322488.003470493, 13488621.162899986, 13655663.788743814, 13823606.843035059, 13992441.211146738, 14162157.70179182, 14332747.047023209, 14504199.902233755, 14676506.84615625, 14849658.380863437, 15023644.931767983, 15198456.847622516, 15374084.400519596, 15550517.785891734, 15727747.122511374, 15905762.452490915, 16084553.741282688, 16264110.877678972, 16444423.67381199, 16625481.865153905, 16807275.11051682, 16989792.992052782, 17173025.015253797, 17356960.608951785, 17541589.12531863, 17726899.839866158, 17912881.951446123, 18099524.582250237, 18286816.777810145, 18474747.506997447, 18663305.662023667, 18852480.05844029, 19042259.435138736, 19232632.454350363, 19423587.701646484, 19615113.68593835, 19807198.83947714, 19999831.517853998, 20193000.0, 20386692.488186166, 20580897.10802346, 20775601.90846279, 20970794.861794993, 21166463.863650873, 21362596.733001165, 21559181.21215654, 21756204.966767617, 21953655.585824963, 22151520.581659086, 22349787.389940426, 22548443.369679384, 22747475.80322629, 22946871.89627141, 23146620.996849302, 23346720.058568884, 23547158.729117982, 23747925.728247266, 23949009.810486708, 24150399.765145596, 24352084.416312516, 24554052.622855376, 24756293.2784214, 24958795.311437104, 25161547.68510833, 25364539.397420235, 25567759.48113727, 25771197.003803212, 25974841.06774114, 26178680.810053453, 26382705.402621854, 26586904.052107353]}