{"r_die": 0.0069481734638367, "rt_die": -0.0035724008649967, "r_bir": 0.014688501595377695, "rt_bir": -0.027815523253462517, "year0": 2015, "years": [1970.0, 1970.5, 1971.0, 1971.5, 1972.0, 1972.5, 1973.0, 1973.5, 1974.0, 1974.5, 1975.0, 1975.5, 1976.0, 1976.5, 1977.0, 1977.5, 1978.0, 1978.5, 1979.0, 1979.5, 1980.0, 1980.5, 1981.0, 1981.5, 1982.0, 1982.5, 1983.0, 1983.5, 1984.0, 1984.5, 1985.0, 1985.5, 1986.0, 1986.5, 1987.0, 1987.5, 1988.0, 1988.5, 1989.0, 1989.5, 1990.0, 1990.5, 1991.0, 1991.5, 1992.0, 1992.5, 1993.0, 1993.5, 1994.0, 1994.5, 1995.0, 1995.5, 1996.0, 1996.5, 1997.0, 1997.5, 1998.0, 1998.5, 1999.0, 1999.5, 2000.0, 2000.5, 2001.0, 2001.5, 2002.0, 2002.5, 2003.0, 2003.5, 2004.0, 2004.5, 2005.0, 2005.5, 2006.0, 2006.5, 2007.0, 2007.5, 2008.0, 2008.5, 2009.0, 2009.5, 2010.0, 2010.5, 2011.0, 2011.5, 2012.0, 2012.5, 2013.0, 2013.5, 2014.0, 2014.5, 2015.0, 2015.5, 2016.0, 2016.5, 2017.0, 2017.5, 2018.0, 2018.5, 2019.0, 2019.5, 2020.0, 2020.5, 2021.0, 2021.5, 2022.0, 2022.5, 2023.0, 2023.5, 2024.0, 2024.5, 2025.0, 2025.5, 2026.0, 2026.5, 2027.0, 2027.5, 2028.0, 2028.5, 2029.0, 2029.5, 2030.0, 2030.5, 2031.0, 2031.5, 2032.0, 2032.5, 2033.0, 2033.5, 2034.0, 2034.5, 2035.0, 2035.5, 2036.0], "pop": [2667071.8688809914, 2724826.24316563, 2782871.242750098, 2841186.3803791837, 2899751.1234839535, 2958546.5351927276, 3017553.7373209433, 3076750.8363831136, 3136116.1691247057, 3195628.3402432688, 3255266.222388431, 3315008.9561619023, 3374835.9501174735, 3434726.8807610124, 3494661.692550472, 3554620.5978958835, 3614584.0771593573, 3674532.8786550863, 3734448.0186493443, 3794310.781360483, 3854102.7189589366, 3913805.65156722, 3973401.6672599274, 4032873.122063733, 4092202.639957394, 4151373.112871745, 4210367.700689703, 4269169.831246266, 4327763.200328511, 4386131.771675596, 4444259.776978759, 4502131.71588132, 4559732.355978677, 4617046.732818311, 4674060.149899783, 4730758.178674731, 4787126.65854688, 4843151.696872029, 4898819.668958063, 4954117.218064943, 5009031.255404713, 5063548.960141496, 5117655.970624613, 5171322.698252977, 5224536.739813257, 5277291.220477099, 5329579.447124963, 5381394.908346133, 5432731.274438714, 5483582.397409628, 5533942.310974623, 5583805.230558263, 5633165.553293934, 5682017.858023841, 5730356.905299013, 5778177.637379296, 5825475.178233359, 5872244.833538689, 5918482.090681597, 5964182.61875721, 6009342.268569479, 6053957.072631174, 6098023.245163887, 6141537.182098027, 6184495.46107283, 6226894.841436341, 6268732.264245442, 6310004.85226582, 6350709.909971991, 6390844.923547289, 6430407.560883869, 6469395.671582706, 6507807.286953596, 6545640.620015156, 6582894.065494822, 6619566.199828851, 6655655.781162322, 6691161.749349132, 6726083.225951999, 6760419.514242466, 6794170.0992008895, 6827334.647516452, 6859913.007587151, 6891905.20951981, 6923311.465130073, 6954132.167942397, 6984367.893190069, 7014019.397815191, 7043087.620468685, 7071573.681510299, 7099478.883008595, 7126804.708740958, 7153552.824193597, 7179725.076561534, 7205323.4947486175, 7230350.289367516, 7254807.852739715, 7278698.758895524, 7302025.763574071, 7324791.8042233065, 7347000.0, 7368653.65176974, 7389756.242106938, 7410311.435294827, 7430323.077325457, 7449795.1958997, 7468732.000427248, 7487137.882026617, 7505017.413525139, 7522375.349458967, 7539216.626073077, 7555546.361321265, 7571369.854866145, 7586692.588079154, 7601520.224040548, 7615858.607539406, 7629713.7650736235, 7643091.904849919, 7655999.416783832, 7668442.87249972, 7680429.025330766, 7691964.810318966, 7703057.3442151435, 7713713.925478938, 7723942.034278813, 7733749.332492048, 7743143.663704748, 7752133.053211835, 7760725.708017053, 7768924.973039091, 7776718.042472505, 7784108.045437535, 7791100.039314335]}