{"r_die": 0.0071235371493366, "rt_die": -0.0095010129561641, "r_bir": 0.016459854533316408, "rt_bir": -0.029151260874213682, "year0": 2015, "years": [1970.0, 1970.5, 1971.0, 1971.5, 1972.0, 1972.5, 1973.0, 1973.5, 1974.0, 1974.5, 1975.0, 1975.5, 1976.0, 1976.5, 1977.0, 1977.5, 1978.0, 1978.5, 1979.0, 1979.5, 1980.0, 1980.5, 1981.0, 1981.5, 1982.0, 1982.5, 1983.0, 1983.5, 1984.0, 1984.5, 1985.0, 1985.5, 1986.0, 1986.5, 1987.0, 1987.5, 1988.0, 1988.5, 1989.0, 1989.5, 1990.0, 1990.5, 1991.0, 1991.5, 1992.0, 1992.5, 1993.0, 1993.5, 1994.0, 1994.5, 1995.0, 1995.5, 1996.0, 1996.5, 1997.0, 1997.5, 1998.0, 1998.5, 1999.0, 1999.5, 2000.0, 2000.5, 2001.0, 2001.5, 2002.0, 2002.5, 2003.0, 2003.5, 2004.0, 2004.5, 2005.0, 2005.5, 2006.0, 2006.5, 2007.0, 2007.5, 2008.0, 2008.5, 2009.0, 2009.5, 2010.0, 2010.5, 2011.0, 2011.5, 2012.0, 2012.5, 2013.0, 2013.5, 2014.0, 2014.5, 2015.0, 2015.5, 2016.0, 2016.5, 2017.0, 2017.5, 2018.0, 2018.5, 2019.0, 2019.5, 2020.0, 2020.5, 2021.0, 2021.5, 2022.0, 2022.5, 2023.0, 2023.5, 2024.0, 2024.5, 2025.0, 2025.5, 2026.0, 2026.5, 2027.0, 2027.5, 2028.0, 2028.5, 2029.0, 2029.5, 2030.0, 2030.5, 2031.0, 2031.5, 2032.0, 2032.5, 2033.0, 2033.5, 2034.0, 2034.5, 2035.0, 2035.5, 2036.0], "pop": [20509248.00486926, 21026047.1923197, 21546965.484783463, 22071806.764829457, 22600373.12875727, 23132489.541608855, 23667967.408618845, 24206588.245894272, 24748135.6996524, 25292395.546476033, 25839155.693313524, 26388206.17747878, 26939339.166651253, 27492348.958875943, 28047031.982563406, 28603186.796489738, 29160614.089796595, 29719116.681991164, 30278499.522946198, 30838569.692899995, 31399136.4024564, 31960010.992584802, 32521006.934620146, 33081939.83026292, 33642627.41157918, 34202889.54100049, 34762548.211324014, 35321427.54571243, 35879353.79769397, 36436155.35116242, 36991662.720377125, 37545708.54996296, 38098127.61491035, 38648756.8205753, 39197435.20267931, 39744003.9273095, 40288306.29091845, 40830187.72032437, 41369495.772710964, 41906080.13562753, 42439792.626988895, 42970466.99287183, 43497896.42772329, 44021972.47485959, 44542598.74965458, 45059681.29364664, 45573128.57453861, 46082851.486197844, 46588763.34865619, 47090779.90811, 47588819.33692012, 48082802.23361187, 48572651.622875094, 49058292.95556413, 49539654.108697794, 50016665.38545942, 50489259.51519682, 50957371.653422326, 51420939.381812744, 51879902.70820937, 52334204.06661804, 52783788.31720903, 53228602.74631715, 53668597.06644169, 54103723.41624646, 54533936.36055974, 54959192.8903743, 55379452.42284745, 55794676.80130095, 56204830.295221075, 56609879.60025861, 57009793.838228814, 57404544.55711145, 57794105.731050774, 58178453.76035557, 58557567.471499056, 58931428.117119014, 59300019.37601765, 59663327.35316176, 60021340.57968255, 60374050.012875766, 60721449.03620164, 61063533.459284894, 61400301.51791477, 61731753.87404498, 62057893.61579374, 62378726.257443786, 62694259.739442304, 63004504.428401016, 63309473.11709612, 63609181.02446832, 63903645.79562282, 64192887.5018293, 64476928.64052197, 64755794.135299504, 65029511.33592509, 65298110.01832641, 65561622.38459565, 65820083.06298945, 66073529.10792902, 66322000.0, 66565537.64595257, 66804186.37870137, 67037992.95732557, 67267006.56706883, 67491278.81933928, 67710863.75170957, 67925817.82791683, 68136199.93786272, 68342071.3976134, 68543495.94939944, 68740539.761616, 68933254.83028774, 69121571.47388785, 69305507.22898495, 69485106.44290882, 69660413.64468837, 69831473.5450516, 69998331.0364256, 70161031.1929366, 70319619.27040991, 70474140.70636997, 70624641.12004025, 70771166.31234346, 70913762.26590127, 71052475.14503455, 71187351.29576324, 71318437.24580638, 71445779.70458214, 71569425.56320778, 71689421.89449966, 71805815.95297323, 71918655.1748431]}