{"r_die": 0.0047237000071614, "rt_die": 0.0012136303660688, "r_bir": 0.01003004786496523, "rt_bir": -0.029454580528427952, "year0": 2015, "years": [1970.0, 1970.5, 1971.0, 1971.5, 1972.0, 1972.5, 1973.0, 1973.5, 1974.0, 1974.5, 1975.0, 1975.5, 1976.0, 1976.5, 1977.0, 1977.5, 1978.0, 1978.5, 1979.0, 1979.5, 1980.0, 1980.5, 1981.0, 1981.5, 1982.0, 1982.5, 1983.0, 1983.5, 1984.0, 1984.5, 1985.0, 1985.5, 1986.0, 1986.5, 1987.0, 1987.5, 1988.0, 1988.5, 1989.0, 1989.5, 1990.0, 1990.5, 1991.0, 1991.5, 1992.0, 1992.5, 1993.0, 1993.5, 1994.0, 1994.5, 1995.0, 1995.5, 1996.0, 1996.5, 1997.0, 1997.5, 1998.0, 1998.5, 1999.0, 1999.5, 2000.0, 2000.5, 2001.0, 2001.5, 2002.0, 2002.5, 2003.0, 2003.5, 2004.0, 2004.5, 2005.0, 2005.5, 2006.0, 2006.5, 2007.0, 2007.5, 2008.0, 2008.5, 2009.0, 2009.5, 2010.0, 2010.5, 2011.0, 2011.5, 2012.0, 2012.5, 2013.0, 2013.5, 2014.0, 2014.5, 2015.0, 2015.5, 2016.0, 2016.5, 2017.0, 2017.5, 2018.0, 2018.5, 2019.0, 2019.5, 2020.0, 2020.5, 2021.0, 2021.5, 2022.0, 2022.5, 2023.0, 2023.5, 2024.0, 2024.5, 2025.0, 2025.5, 2026.0, 2026.5, 2027.0, 2027.5, 2028.0, 2028.5, 2029.0, 2029.5, 2030.0, 2030.5, 2031.0, 2031.5, 2032.0, 2032.5, 2033.0, 2033.5, 2034.0, 2034.5, 2035.0, 2035.5, 2036.0], "pop": [187092.71927784555, 190205.49888709467, 193316.8418567335, 196425.78429661703, 199531.37481086026, 202632.68188004865, 205728.79705862893, 208818.79673283055, 211901.7729852148, 214976.83601155662, 218043.11412084446, 221099.75373528068, 224145.91939028117, 227180.7937344753, 230203.57752970644, 233213.48965103136, 236209.76708672056, 239191.66493825818, 242158.45642034206, 245109.43286088362, 248043.90370100806, 250961.19649505406, 253860.65691057403, 256741.64872833417, 259603.55384231417, 262445.77225970733, 265267.72210092086, 268068.8395995752, 270848.579102505, 273606.41306975816, 276341.8320745962, 279054.34480349463, 281743.4780561423, 284408.7767454419, 287049.80389750976, 289666.14065167564, 292257.3862604833, 294823.15808968985, 297363.09161826636, 299876.84043839725, 302364.07625548076, 304824.4888881287, 307257.78626816673, 309663.6944406339, 312041.94268101954, 314391.4651477574, 316711.6880730954, 319002.5699777723, 321264.0738909479, 323496.1673502036, 325698.8224015418, 327872.0155993865, 330015.72800658277, 332129.9451943971, 334214.6572425173, 336269.8587390525, 338295.548780533, 340291.73097191064, 342258.41342655837, 344195.60876627057, 346103.3341212629, 347981.6111301722, 349830.4659400569, 351649.92920639645, 353440.03609309177, 355200.826272465, 356932.3439252598, 358634.6377406407, 360307.7609161941, 361951.7711579273, 363566.730680269, 365152.7062060693, 366709.76896659966, 368237.9947015525, 369737.46365904197, 371208.2605956033, 372650.4747761931, 374064.1999741893, 375449.53447139094, 376806.5810580187, 378135.44703271444, 379436.2442025413, 380709.08888298355, 381954.1018979471, 383171.40857975895, 384361.1387691675, 385523.4268153424, 386658.4115758747, 387766.23641677666, 388847.0492124819, 389901.00234584534, 390928.2527081433, 391928.9616990732, 392903.29522675386, 393851.42370772554, 394773.52206694975, 395669.7697378091, 396540.3506621077, 397385.4532900711, 398205.2705803458, 399000.0, 399769.84352452296, 400515.0076378252, 401235.7033322388, 401932.1461085169, 402604.5559758342, 403253.1574517864, 403878.17956239084, 404479.8558420859, 405058.4243337314, 405614.1275886084, 406147.2126664194, 406657.9311352881, 407146.53907175956, 407613.29706079996, 408058.4701957971, 408482.3280785599, 408885.14481931867, 409267.1990367249, 409628.7738578516, 409970.15691819286, 410291.64036166423, 410593.52084060246, 410876.09951576573, 411139.6820563335, 411384.57863990654, 411611.10395250685, 411819.57718857774, 412010.32205098396, 412183.6667510114, 412339.9440083674, 412479.4910511806, 412602.6496160009]}