{"r_die": 0.0083237914424669, "rt_die": -0.0224784732548044, "r_bir": 0.020337568676576667, "rt_bir": -0.027564010204007502, "year0": 2015, "years": [1970.0, 1970.5, 1971.0, 1971.5, 1972.0, 1972.5, 1973.0, 1973.5, 1974.0, 1974.5, 1975.0, 1975.5, 1976.0, 1976.5, 1977.0, 1977.5, 1978.0, 1978.5, 1979.0, 1979.5, 1980.0, 1980.5, 1981.0, 1981.5, 1982.0, 1982.5, 1983.0, 1983.5, 1984.0, 1984.5, 1985.0, 1985.5, 1986.0, 1986.5, 1987.0, 1987.5, 1988.0, 1988.5, 1989.0, 1989.5, 1990.0, 1990.5, 1991.0, 1991.5, 1992.0, 1992.5, 1993.0, 1993.5, 1994.0, 1994.5, 1995.0, 1995.5, 1996.0, 1996.5, 1997.0, 1997.5, 1998.0, 1998.5, 1999.0, 1999.5, 2000.0, 2000.5, 2001.0, 2001.5, 2002.0, 2002.5, 2003.0, 2003.5, 2004.0, 2004.5, 2005.0, 2005.5, 2006.0, 2006.5, 2007.0, 2007.5, 2008.0, 2008.5, 2009.0, 2009.5, 2010.0, 2010.5, 2011.0, 2011.5, 2012.0, 2012.5, 2013.0, 2013.5, 2014.0, 2014.5, 2015.0, 2015.5, 2016.0, 2016.5, 2017.0, 2017.5, 2018.0, 2018.5, 2019.0, 2019.5, 2020.0, 2020.5, 2021.0, 2021.5, 2022.0, 2022.5, 2023.0, 2023.5, 2024.0, 2024.5, 2025.0, 2025.5, 2026.0, 2026.5, 2027.0, 2027.5, 2028.0, 2028.5, 2029.0, 2029.5, 2030.0, 2030.5, 2031.0, 2031.5, 2032.0, 2032.5, 2033.0, 2033.5, 2034.0, 2034.5, 2035.0, 2035.5, 2036.0], "pop": [10230034.880834354, 10473615.418857213, 10719236.204076072, 10966826.969782595, 11216316.772538085, 11467640.898358854, 11720731.73524194, 11975511.467248887, 12231902.813402845, 12489829.048362691, 12749214.00242303, 13009982.061514186, 13272058.167202216, 13535367.816688895, 13799837.062811725, 14065392.514043938, 14331961.334494485, 14599471.243908046, 14867850.517665025, 15137027.98678155, 15406933.037909478, 15677495.613336386, 15948646.21098558, 16220315.88441609, 16492436.242822668, 16764939.451035801, 17037758.229521688, 17310825.854382265, 17584076.157355186, 17857443.52581383, 18130862.902767304, 18404269.786860444, 18677600.2323738, 18950790.849223662, 19223778.802962035, 19496501.814776644, 19768898.16149095, 20040906.675564144, 20312466.745091125, 20583518.31380253, 20854001.881064717, 21123858.233059116, 21393015.59209958, 21661417.75360221, 21929020.35961331, 22195779.92673541, 22461653.846127298, 22726600.38350402, 22990578.679136854, 23253548.747853342, 23515471.479037277, 23776308.636628706, 24036022.859123908, 24294577.65957543, 24551937.42559206, 24808067.41933885, 25062933.77753708, 25316503.511464298, 25568744.506954294, 25819625.524397112, 26069116.198739048, 26317187.03948265, 26563809.430686697, 26808955.63096625, 27052598.773492597, 27294712.865993284, 27535272.79075211, 27774254.304609112, 28011634.038960595, 28247389.499759104, 28481499.067513436, 28713941.99728864, 28944698.418706007, 29173749.3359431, 29401076.6277337, 29626663.047367867, 29850492.222691897, 30072548.656108342, 30292817.724576, 30511285.679609917, 30727939.647281405, 30942767.628218006, 31155758.49760353, 31366902.005178016, 31576188.775237776, 31783610.30663536, 31989158.972779576, 32192828.02163547, 32394611.57572435, 32594504.63212376, 32792503.062467527, 32988603.612945683, 33182803.904304545, 33375102.431846667, 33565498.56543086, 33753992.54947216, 33940585.50294189, 34125279.41936761, 34308077.166833125, 34488982.48797849, 34668000.0, 34845135.19465023, 35020394.438238, 35193784.971628346, 35365314.91024258, 35534993.244058274, 35702829.83760923, 35868835.42998551, 36033021.634833425, 36195400.94035554, 36355986.709310666, 36514793.17901385, 36671835.46133643, 36827121.36443457, 36980629.09618256, 37132364.297194846, 37282336.66994314, 37430556.11597368, 37577032.73590718, 37721776.82943886, 37864798.895338446, 38006109.63145015, 38145719.934692666, 38283640.90105923, 38419883.82561754, 38554460.2025098, 38687381.72495271, 38818660.285237476, 38948307.9747298, 39076337.08386986, 39202760.10217237, 39327589.718226515, 39450838.81969598]}