{"r_die": 0.0081078125309235, "rt_die": -0.0162676936414791, "r_bir": 0.022927386183880127, "rt_bir": -0.026277369467423865, "year0": 2015, "years": [1970.0, 1970.5, 1971.0, 1971.5, 1972.0, 1972.5, 1973.0, 1973.5, 1974.0, 1974.5, 1975.0, 1975.5, 1976.0, 1976.5, 1977.0, 1977.5, 1978.0, 1978.5, 1979.0, 1979.5, 1980.0, 1980.5, 1981.0, 1981.5, 1982.0, 1982.5, 1983.0, 1983.5, 1984.0, 1984.5, 1985.0, 1985.5, 1986.0, 1986.5, 1987.0, 1987.5, 1988.0, 1988.5, 1989.0, 1989.5, 1990.0, 1990.5, 1991.0, 1991.5, 1992.0, 1992.5, 1993.0, 1993.5, 1994.0, 1994.5, 1995.0, 1995.5, 1996.0, 1996.5, 1997.0, 1997.5, 1998.0, 1998.5, 1999.0, 1999.5, 2000.0, 2000.5, 2001.0, 2001.5, 2002.0, 2002.5, 2003.0, 2003.5, 2004.0, 2004.5, 2005.0, 2005.5, 2006.0, 2006.5, 2007.0, 2007.5, 2008.0, 2008.5, 2009.0, 2009.5, 2010.0, 2010.5, 2011.0, 2011.5, 2012.0, 2012.5, 2013.0, 2013.5, 2014.0, 2014.5, 2015.0, 2015.5, 2016.0, 2016.5, 2017.0, 2017.5, 2018.0, 2018.5, 2019.0, 2019.5, 2020.0, 2020.5, 2021.0, 2021.5, 2022.0, 2022.5, 2023.0, 2023.5, 2024.0, 2024.5, 2025.0, 2025.5, 2026.0, 2026.5, 2027.0, 2027.5, 2028.0, 2028.5, 2029.0, 2029.5, 2030.0, 2030.5, 2031.0, 2031.5, 2032.0, 2032.5, 2033.0, 2033.5, 2034.0, 2034.5, 2035.0, 2035.5, 2036.0], "pop": [6465464.542147245, 6654111.044155232, 6845406.870020281, 7039307.071071409, 7235765.097509932, 7434740.940404269, 7636185.648954818, 7840042.427398173, 8046254.018281674, 8254762.702463403, 8465510.299112177, 8678438.165707558, 8893487.198039845, 9110597.830210079, 9329710.034630038, 9550763.322022244, 9773696.74141996, 9998448.880167186, 10224957.863918662, 10453161.35663987, 10682996.560607031, 10914400.216407107, 11147308.602937803, 11381657.537407557, 11617382.375335552, 11854418.010551715, 12092698.875196705, 12332158.939721925, 12572731.712889519, 12814350.241772369, 13056947.111754104, 13300454.446529081, 13544803.908102412, 13789926.696789928, 14035753.551218227, 14282214.748324627, 14529240.103357196, 14776758.969874736, 15024700.239746792, 15272992.343153652, 15521573.523855425, 15770400.315886391, 16019409.38724848, 16268537.365734823, 16517721.912380649, 16766901.721463278, 17016016.520502135, 17265007.07025874, 17513815.164736707, 17762383.63118175, 18010656.33008168, 18258578.155166406, 18506095.033407934, 18753153.925020367, 18999702.82345991, 19245690.75542485, 19491067.780855592, 19735784.99293463, 19979794.51808655, 20223049.515978035, 20465504.179517876, 20707113.734856956, 20947834.441388253, 21187623.591746844, 21426439.5118099, 21664241.5606967, 21900990.13076861, 22136646.64762909, 22371173.57012371, 22604534.39034013, 22836693.633608114, 23067616.858499516, 23297270.65682828, 23525622.65365047, 23752641.507264223, 23978296.909209795, 24202559.584269516, 24425401.29046784, 24646794.819071297, 24866713.99458852, 25085133.674770247, 25302029.750609305, 25517379.146340623, 25731159.819441225, 25943350.76063023, 26153931.993868858, 26362884.576360427, 26570190.598550357, 26775833.184126146, 26979796.490017418, 27182065.706395872, 27382627.056675304, 27581467.79751163, 27778576.218802825, 27973941.643689014, 28167554.428552374, 28359405.9630172, 28549485.72374717, 28737781.693501327, 28924288.14638526, 29109000.0, 29291912.675502375, 29473022.097605042, 29652324.694576472, 29829817.398240943, 30005497.643978566, 30179363.370725244, 30351413.020972714, 30521645.540768515, 30690060.37971602, 30856657.49097439, 31021437.331258625, 31184400.860839535, 31345549.54354373, 31504885.346753653, 31662410.741407566, 31818128.701999526, 31972042.70657942, 32124156.736752946, 32274475.277681615, 32423003.318082765, 32569746.350229535, 32714710.36995088, 32857901.87663159, 32999327.873212237, 33138995.86618924, 33276913.86561482, 33413090.385097004, 33547534.44179965, 33680255.55644243, 33811263.75330083, 33940569.56020612, 34068184.00854545]}