{"r_die": 0.0071781055903798, "rt_die": -0.0307797803186121, "r_bir": 0.0230074971192704, "rt_bir": -0.02956343581255574, "year0": 2015, "years": [1970.0, 1970.5, 1971.0, 1971.5, 1972.0, 1972.5, 1973.0, 1973.5, 1974.0, 1974.5, 1975.0, 1975.5, 1976.0, 1976.5, 1977.0, 1977.5, 1978.0, 1978.5, 1979.0, 1979.5, 1980.0, 1980.5, 1981.0, 1981.5, 1982.0, 1982.5, 1983.0, 1983.5, 1984.0, 1984.5, 1985.0, 1985.5, 1986.0, 1986.5, 1987.0, 1987.5, 1988.0, 1988.5, 1989.0, 1989.5, 1990.0, 1990.5, 1991.0, 1991.5, 1992.0, 1992.5, 1993.0, 1993.5, 1994.0, 1994.5, 1995.0, 1995.5, 1996.0, 1996.5, 1997.0, 1997.5, 1998.0, 1998.5, 1999.0, 1999.5, 2000.0, 2000.5, 2001.0, 2001.5, 2002.0, 2002.5, 2003.0, 2003.5, 2004.0, 2004.5, 2005.0, 2005.5, 2006.0, 2006.5, 2007.0, 2007.5, 2008.0, 2008.5, 2009.0, 2009.5, 2010.0, 2010.5, 2011.0, 2011.5, 2012.0, 2012.5, 2013.0, 2013.5, 2014.0, 2014.5, 2015.0, 2015.5, 2016.0, 2016.5, 2017.0, 2017.5, 2018.0, 2018.5, 2019.0, 2019.5, 2020.0, 2020.5, 2021.0, 2021.5, 2022.0, 2022.5, 2023.0, 2023.5, 2024.0, 2024.5, 2025.0, 2025.5, 2026.0, 2026.5, 2027.0, 2027.5, 2028.0, 2028.5, 2029.0, 2029.5, 2030.0, 2030.5, 2031.0, 2031.5, 2032.0, 2032.5, 2033.0, 2033.5, 2034.0, 2034.5, 2035.0, 2035.5, 2036.0], "pop": [8128690.617811951, 8367559.675782406, 8609861.867241127, 8855544.866999604, 9104554.421611315, 9356842.844473027, 9612352.38370176, 9871016.946794132, 10132769.837026596, 10397543.753455464, 10665270.79091688, 10935882.440026844, 11209309.587181192, 11485482.514555609, 11764330.900105622, 12045783.817566603, 12329769.736453773, 12616216.522062197, 12905051.43546678, 13196201.13352227, 13489591.668863272, 13785148.489904223, 14082796.440839414, 14382459.761642972, 14684062.088068875, 14987526.451650945, 15292775.279702846, 15599730.395318087, 15908313.017370028, 16218443.760511866, 16530042.635176646, 16843029.04757726, 17157321.79970644, 17472839.08933676, 17789498.510020655, 18107217.05109039, 18425911.09765807, 18745496.430615664, 19065888.22663497, 19387001.058167633, 19708763.102772497, 20031121.540788677, 20354000.161520813, 20677323.11698799, 21001015.710837748, 21325004.398346085, 21649216.786417466, 21973581.633584797, 22298028.850009453, 22622489.497481268, 22946895.789418522, 23271181.090867966, 23595279.9185048, 23919127.940632686, 24242661.977183737, 24565819.999718532, 24888541.131426103, 25210765.647123937, 25532434.97325799, 25853491.687902655, 26173879.520760804, 26493543.353163756, 26812429.218071286, 27130484.300071627, 27447656.93538148, 27763896.61184599, 28079153.968938764, 28393380.79776187, 28706530.04104583, 29018555.793149624, 29329413.300060693, 29639058.95939493, 29947450.320396688, 30254546.08393878, 30560306.10252247, 30864691.38027749, 31167664.072962012, 31469187.487962693, 31769226.084294617, 32067745.47260135, 32364712.415154897, 32660094.82585574, 32953861.770232793, 33245983.465443455, 33536431.280273557, 33825177.73513742, 34112196.50207777, 34397462.40476586, 34680951.41850135, 34962640.67021235, 35242508.438455485, 35520534.153415784, 35796698.39690674, 36070982.90237032, 36343370.55487696, 36613845.39112552, 36882392.01888826, 37148992.73461816, 37413634.89371314, 37676307.457550794, 37937000.0, 38195702.70742097, 38452406.37866524, 38707102.42507564, 38959782.870486364, 39210440.35122287, 39459068.11610198, 39705660.026431814, 39950210.55601181, 40192714.79113273, 40433168.43057666, 40671567.785617, 40907909.780018464, 41142191.9500371, 41374412.444420256, 41604570.02440662, 41832664.06372617, 42058694.54860024, 42282662.077741444, 42504567.86235376, 42724413.72613243, 42942202.105264075, 43157936.04842659, 43371619.21678919, 43583255.88401245, 43792850.93624823, 44000409.87213971, 44205938.8028214, 44409444.451919116, 44610934.15555002, 44810415.862322554, 45007898.133336514, 45203390.142183006]}