{"r_die": 0.0055712901762308, "rt_die": -0.013444461226059, "r_bir": 0.014548510033397969, "rt_bir": -0.020969548165313483, "year0": 2015, "years": [1970.0, 1970.5, 1971.0, 1971.5, 1972.0, 1972.5, 1973.0, 1973.5, 1974.0, 1974.5, 1975.0, 1975.5, 1976.0, 1976.5, 1977.0, 1977.5, 1978.0, 1978.5, 1979.0, 1979.5, 1980.0, 1980.5, 1981.0, 1981.5, 1982.0, 1982.5, 1983.0, 1983.5, 1984.0, 1984.5, 1985.0, 1985.5, 1986.0, 1986.5, 1987.0, 1987.5, 1988.0, 1988.5, 1989.0, 1989.5, 1990.0, 1990.5, 1991.0, 1991.5, 1992.0, 1992.5, 1993.0, 1993.5, 1994.0, 1994.5, 1995.0, 1995.5, 1996.0, 1996.5, 1997.0, 1997.5, 1998.0, 1998.5, 1999.0, 1999.5, 2000.0, 2000.5, 2001.0, 2001.5, 2002.0, 2002.5, 2003.0, 2003.5, 2004.0, 2004.5, 2005.0, 2005.5, 2006.0, 2006.5, 2007.0, 2007.5, 2008.0, 2008.5, 2009.0, 2009.5, 2010.0, 2010.5, 2011.0, 2011.5, 2012.0, 2012.5, 2013.0, 2013.5, 2014.0, 2014.5, 2015.0, 2015.5, 2016.0, 2016.5, 2017.0, 2017.5, 2018.0, 2018.5, 2019.0, 2019.5, 2020.0, 2020.5, 2021.0, 2021.5, 2022.0, 2022.5, 2023.0, 2023.5, 2024.0, 2024.5, 2025.0, 2025.5, 2026.0, 2026.5, 2027.0, 2027.5, 2028.0, 2028.5, 2029.0, 2029.5, 2030.0, 2030.5, 2031.0, 2031.5, 2032.0, 2032.5, 2033.0, 2033.5, 2034.0, 2034.5, 2035.0, 2035.5, 2036.0], "pop": [6059956.108808086, 6142368.870292257, 6224907.259843292, 6307557.719580015, 6390306.781857244, 6473141.193284059, 6556048.357230746, 6639014.918366898, 6722027.518382841, 6805072.966286125, 6888138.23840152, 6971210.478371014, 7054276.9971538205, 7137325.273026367, 7220342.951582309, 7303317.845732517, 7386237.935705084, 7469091.369045326, 7551866.460615774, 7634551.692596185, 7717135.714483534, 7799607.343092016, 7881955.562553051, 7964169.524315273, 8046238.5471445415, 8128152.117123934, 8209899.887653752, 8291471.679451515, 8372857.48055196, 8454047.446307052, 8535031.899385972, 8615801.329775121, 8696346.394778121, 8776657.919015817, 8856726.894426273, 8936544.480264775, 9016102.003103826, 9095390.956833154, 9174403.002659705, 9253129.969107645, 9331563.85201836, 9409696.814550465, 9487521.187179783, 9565029.467699364, 9642214.321219483, 9719068.580167627, 9795584.664018689, 9871748.693355674, 9947553.211480169, 10022993.314340362, 10098064.201151777, 10172761.174397266, 10247079.639827024, 10321015.10645858, 10394563.186576795, 10467719.595733866, 10540480.152749326, 10612840.779710047, 10684797.501970228, 10756346.448151411, 10827483.85014247, 10898206.043099614, 10968509.465446385, 11038390.658873666, 11107846.268339673, 11176873.042069953, 11245467.831557395, 11313627.591562215, 11381349.380111976, 11448630.358501563, 11515467.791293206, 11581859.046316465, 11647801.59466824, 11713293.01071276, 11778330.972081592, 11842913.259673644, 11907037.757655147, 11970702.453459682, 12033905.437788151, 12096644.904608801, 12158919.15115721, 12220726.577936292, 12282065.688716294, 12342935.090534806, 12403333.493696747, 12463259.711774372, 12522712.661607267, 12581691.363302361, 12640194.940233914, 12698222.619043523, 12755773.729640123, 12812847.705199972, 12869444.08216668, 12925562.50025118, 12981202.702431746, 13036364.534953984, 13091047.947330836, 13145252.992342586, 13198979.82603684, 13252228.707728552, 13305000.0, 13357294.16870081, 13409111.782947931, 13460453.515125658, 13511320.140885612, 13561712.53914675, 13611631.692095373, 13661078.685185108, 13710054.707136923, 13758561.049939118, 13806599.108847328, 13854170.382384526, 13901276.472341018, 13947919.08377445, 13994100.02500979, 14039821.207639357, 14085084.646522801, 14129892.4597871, 14174246.868826576, 14218150.198302878, 14261604.876144998, 14304613.433549257, 14347178.504979316, 14389302.82816617, 14430989.244108148, 14472240.697070915, 14513060.234587472, 14553451.00745815, 14593416.269750625, 14632959.3787999, 14672083.79520832, 14710793.082845556, 14749090.90884862]}