{"r_die": 0.0065684766730727, "rt_die": -0.0149969168519119, "r_bir": 0.01713835971637062, "rt_bir": -0.028578063659995018, "year0": 2015, "years": [1970.0, 1970.5, 1971.0, 1971.5, 1972.0, 1972.5, 1973.0, 1973.5, 1974.0, 1974.5, 1975.0, 1975.5, 1976.0, 1976.5, 1977.0, 1977.5, 1978.0, 1978.5, 1979.0, 1979.5, 1980.0, 1980.5, 1981.0, 1981.5, 1982.0, 1982.5, 1983.0, 1983.5, 1984.0, 1984.5, 1985.0, 1985.5, 1986.0, 1986.5, 1987.0, 1987.5, 1988.0, 1988.5, 1989.0, 1989.5, 1990.0, 1990.5, 1991.0, 1991.5, 1992.0, 1992.5, 1993.0, 1993.5, 1994.0, 1994.5, 1995.0, 1995.5, 1996.0, 1996.5, 1997.0, 1997.5, 1998.0, 1998.5, 1999.0, 1999.5, 2000.0, 2000.5, 2001.0, 2001.5, 2002.0, 2002.5, 2003.0, 2003.5, 2004.0, 2004.5, 2005.0, 2005.5, 2006.0, 2006.5, 2007.0, 2007.5, 2008.0, 2008.5, 2009.0, 2009.5, 2010.0, 2010.5, 2011.0, 2011.5, 2012.0, 2012.5, 2013.0, 2013.5, 2014.0, 2014.5, 2015.0, 2015.5, 2016.0, 2016.5, 2017.0, 2017.5, 2018.0, 2018.5, 2019.0, 2019.5, 2020.0, 2020.5, 2021.0, 2021.5, 2022.0, 2022.5, 2023.0, 2023.5, 2024.0, 2024.5, 2025.0, 2025.5, 2026.0, 2026.5, 2027.0, 2027.5, 2028.0, 2028.5, 2029.0, 2029.5, 2030.0, 2030.5, 2031.0, 2031.5, 2032.0, 2032.5, 2033.0, 2033.5, 2034.0, 2034.5, 2035.0, 2035.5, 2036.0], "pop": [37271405.38873628, 38190497.98369012, 39117044.42019968, 40050730.31663246, 40991238.501838915, 41938284.401575215, 42891565.708890416, 43850733.89449002, 44815443.56113041, 45785352.461071104, 46760121.49607475, 47739414.717407115, 48722899.32583706, 49710245.67163662, 50701127.254580915, 51695220.72394821, 52692205.87851989, 53691765.66658047, 54693586.18591756, 55697356.68382192, 56702769.55708744, 57709520.3520111, 58717307.764393054, 59725833.63953654, 60734802.972247936, 61743923.906836726, 62752907.737115555, 63761468.90640016, 64769325.00750941, 65776196.7827653, 66781808.12399296, 67785886.0725206, 68788160.81917962, 69788365.7043045, 70786237.21773288, 71781514.99880543, 72773941.83636609, 73763263.6687618, 74749229.5838427, 75731591.818962, 76710105.76097605, 77684515.2849847, 78654485.96762958, 79619817.79481262, 80580343.69762214, 81535900.45342068, 82486328.68584494, 83431472.8648058, 84371181.30648838, 85305306.17335187, 86233703.47412975, 87156233.0638296, 88072758.64373325, 88983147.76139666, 89887271.81065002, 90785006.03159763, 91676229.51061806, 92560825.18036398, 93438679.8197623, 94309684.05401409, 95173732.35459457, 96030723.03925322, 96880558.27201363, 97723144.0631736, 98558390.2693051, 99386210.5932543, 100206522.58414152, 101019247.63736132, 101824310.99458238, 102621641.74374758, 103411172.819074, 104192841.00105289, 104966586.91644967, 105732355.03830397, 106490093.68592957, 107239755.02491447, 107981295.06712078, 108714673.67068486, 109439854.54001725, 110156805.22580265, 110865497.12499993, 111565905.48084214, 112258009.38283655, 112941791.76676457, 113617239.41468185, 114284342.95491815, 114943096.86207744, 115593499.4570379, 116235552.90695184, 116869263.22524579, 117494640.27162047, 118111697.75205071, 118720453.21878563, 119320928.07034843, 119913147.55153656, 120497140.75342162, 121072940.61334942, 121640583.9149399, 122200111.28808725, 122751567.20895977, 123295000.0, 123830461.82992461, 124358008.7137245, 124877700.51266475, 125389600.93428454, 125893777.53239736, 126390301.7070908, 126879248.70472664, 127360697.61794084, 127834731.38564356, 128301436.79301912, 128760904.47152604, 129213226.04797733, 129658333.1594044, 130096200.19505383, 130526887.87433153, 130950457.40128681, 131366970.46461236, 131776489.23764437, 132179076.37836236, 132574795.0293893, 132963708.81799164, 133345881.85607913, 133721378.74020502, 134090264.55156593, 134452604.85600194, 134808465.70399654, 135157913.6306766, 135501015.65581238, 135837839.2838177, 136168452.50374964, 136492923.7893088, 136811322.09883907]}