{"Demo":{"Rural":{"N":[445484293.1128,454345524.92189,463004513.91145,471932259.81192,481008842.28355,490182589.372,499411011.47455,508709211.20084,518120031.40115,527709525.67872,537508710.70974,547863292.25251,559086823.90794,570472817.11918,581926870.60557,593384036.27824,604809634.7875,616212408.55815,627574098.06906,638892235.49125,650181519.68947,661520795.98844,673032682.44288,684507519.45594,695972401.42628,707451703.54298,718924359.44384,730376768.43216,741776257.1736,753080048.98238,764252791.13484,774881567.75708,784520680.70372,793938752.72488,803128395.62202,812106162.7186,820863649.61421,829358846.60274,837515185.78548,845260299.00621,852517999.2841,859247883.19836,865363320.92938,870934215.65643,876033415.29088,880723742.47416,885015936.105,888881381.256,892338114.0951,895386227.15168,898024053.4949,900239773.95031,902044828.51968,903412164.888,904352745.73042,904822926.0954,904828491.25561,904348499.37072,903401591.62656,901977195.71508,900050224.09566,897631266.2752,894728041.20224,891309207.17586,887387075.74704,882950166.7468,878028375.54096,872659901.5596,866868644.69568,860713869.237,854176389.0912,847311592.54608,840114257.343,832603608.46569,824801682.78015,816743459.73591,808440787.92477,799902488.82726,791140174.57215,782181152.31608,773019026.81724],"Gr":[0.019580856906,0.019695987158,0.018878826622,0.019098654631,0.019050195124,0.018892300004,0.018651473945,0.018447131988,0.018330377269,0.018339055295,0.018398974279,0.019080823291,0.020278992011,0.020160739554,0.019879267258,0.019497017412,0.019071949905,0.018677967912,0.018270025422,0.017874045995,0.017515790363,0.017289835721,0.017252470103,0.016905739207,0.01661037643,0.016359357219,0.016086786101,0.015804372393,0.01548713536,0.015123871402,0.014727083988,0.013811588991,0.012362731583,0.011933387184,0.011508275441,0.011116477793,0.010725943356,0.01029591107,0.0097864675097,0.0092052302659,0.0085496963826,0.0078631297167,0.007091990761,0.006417003683,0.0058377888929,0.0053397685698,0.0048616476562,0.004358145459,0.0038813152311,0.0034100514716,0.0029416896668,0.0024642897698,0.0020030745094,0.00151467095,0.0010406009341,0.00051977304679,6.1505328119e-06,-0.00053061905898,-0.0010476092193,-0.0015779472064,-0.0021386715127,-0.002691198962,-0.0032395598359,-0.0038284063843,-0.0044101264767,-0.0050125119481,-0.0055898512144,-0.0061330059485,-0.0066584457871,-0.0071253343317,-0.007624408365,-0.0080692122044,-0.0085306016262,-0.0089802345096,-0.0094146957954,-0.0098179301492,-0.010217603396,-0.010617608111,-0.011014667357,-0.01138879762,-0.011782703759],"Dr":[0.023209114669,0.022650724253,0.022098229784,0.021553481907,0.020998069518,0.020424667108,0.019910079748,0.019352719641,0.018826060431,0.01834917628,0.017924524356,0.017611301879,0.017336963022,0.017074406735,0.016785167951,0.016442673897,0.016117572271,0.015692149631,0.015224721952,0.01473667934,0.014243798463,0.013836474908,0.01344286185,0.013061416117,0.012689303786,0.012323372049,0.012035701161,0.011755321379,0.011479310602,0.011204128016,0.010926699364,0.010716410842,0.010495624755,0.010274728213,0.010049295463,0.0098137616946,0.0096346115719,0.0094381936883,0.0092192990249,0.0089798834693,0.0087275144067,0.0085423101909,0.0083609030714,0.0082050362443,0.0080788118534,0.007979926011,0.0079706690156,0.0079809663449,0.0079836182626,0.0079701267556,0.0079362741097,0.0079539694175,0.0079531741482,0.0079450690056,0.0079304420611,0.0079094985514,0.0079621640518,0.0080082447031,0.0080442897788,0.0080679986707,0.008077923928,0.0081603670271,0.0082308237574,0.0082874625926,0.0083289234991,0.0083540861048,0.0084573320449,0.0085459066624,0.008618268391,0.0086726741622,0.0087071140053,0.0088311240481,0.0089370806326,0.0090217596289,0.0090827905041,0.009118143522,0.009259779269,0.0093788286727,0.0094725411127,0.0095391447916,0.0095779993736],"Year":[1970,1971,1972,1973,1974,1975,1976,1977,1978,1979,1980,1981,1982,1983,1984,1985,1986,1987,1988,1989,1990,1991,1992,1993,1994,1995,1996,1997,1998,1999,2000,2001,2002,2003,2004,2005,2006,2007,2008,2009,2010,2011,2012,2013,2014,2015,2016,2017,2018,2019,2020,2021,2022,2023,2024,2025,2026,2027,2028,2029,2030,2031,2032,2033,2034,2035,2036,2037,2038,2039,2040,2041,2042,2043,2044,2045,2046,2047,2048,2049,2050]},"Urban":{"N":[71308577.52668,73789622.4507715,76753781.7075575,79844619.522252,83065939.2656925,86398201.9082,89842397.7915425,93404710.619454,97096859.3392525,100935784.508832,104938682.088669,108889108.085869,112549238.159839,116321491.572533,120189251.25638,124134384.219144,128157649.888125,132255296.187202,136431645.955111,140687585.680688,145012581.551845,149339063.907514,153578318.112128,157882625.253639,162259127.272918,166706073.597063,171236577.561504,175840118.719096,180509763.73716,185235768.261453,190009791.962354,195077042.057898,200717729.092582,206429855.628828,212221795.745687,218077444.83291,224004716.900763,230002905.858219,236050474.539438,242102846.695963,248146056.415335,254176036.271066,260270999.345903,266440137.173321,272718779.260928,279128622.191796,285675854.03175,292367008.5336,299197709.788185,306170493.751408,313287215.478315,320560018.382299,327981519.112208,335558362.8228,343267423.375227,351122651.03799,359112232.533854,367243542.009032,375493133.842736,383855602.185198,392334866.887821,400917330.92112,409587088.818544,418343111.435691,427152239.964424,436002868.11458,444867085.298376,453719849.98626,462546195.347808,471312046.24595,480034835.09072,488677758.045048,497246839.47705,505743110.947301,514170009.742902,522519233.121659,530789015.2989,538975864.162281,547078337.278103,555084215.194548,563002055.968794],"Gr":[0.032116198047,0.034201482419,0.039384553795,0.039479831761,0.039552251296,0.039332122972,0.039090135305,0.03888477921,0.038767251312,0.038775487521,0.038891681772,0.036953807893,0.033060791066,0.032967038287,0.032709757566,0.032297128203,0.031896423343,0.031472970896,0.031089610247,0.030718000713,0.030278780298,0.029398809412,0.027991335234,0.027641226189,0.027342729566,0.027037615008,0.026813871479,0.026529070942,0.026209703227,0.025844567689,0.025446170751,0.026318960537,0.028505020173,0.028061084324,0.027671261616,0.027218317102,0.026816857997,0.026424833784,0.025953714315,0.025316964898,0.024654887746,0.024009573183,0.023696310218,0.023426199013,0.023291559275,0.023231535371,0.023185103522,0.023152101047,0.023094700022,0.023037524294,0.022978275206,0.022949132553,0.022887738954,0.022838636399,0.022713904349,0.02262579221,0.022499369489,0.022390265099,0.022214955492,0.022026260228,0.021849281497,0.02163952136,0.02139430304,0.021152384785,0.020838546986,0.020508338012,0.020126731256,0.019704384232,0.019266496738,0.018773959419,0.018338281158,0.017844616374,0.017383270962,0.016942292786,0.016525114525,0.016107823942,0.015702814666,0.015306183357,0.014921213756,0.014527836582,0.014163438618],