{"Pri":{"TxI":0.62920932,"TxDie":0.0252126,"TxSucc":0.69051642},"Pub":{"TxI":0.71859114,"TxDie":0.04155368,"TxSucc":0.82444198},"All":{"TxI":0.69346225,"TxDie":0.03747152,"TxSucc":0.79098611}}
